ID_normalized,start,end
gca_000390325_3_nicotiana_tomentosiformis_helixer_cm066016_1_002217_1_cnl,199,207
gca_000390325_3_nicotiana_tomentosiformis_helixer_cm066018_1_000264_1_cnl,187,195
gca_000390325_3_nicotiana_tomentosiformis_helixer_cm066018_1_000265_1_cnl,206,214
gca_000390325_3_nicotiana_tomentosiformis_helixer_cm066018_1_000266_1_cnl,203,211
gca_000390325_3_nicotiana_tomentosiformis_helixer_cm066018_1_000387_1_cnl,190,198
gca_000390325_3_nicotiana_tomentosiformis_helixer_cm066018_1_002039_1_cnl,186,194
gca_000390325_3_nicotiana_tomentosiformis_helixer_cm066018_1_002041_1_cnl,183,191
gca_000390325_3_nicotiana_tomentosiformis_helixer_cm066018_1_002162_1_nl,232,240
gca_000390325_3_nicotiana_tomentosiformis_helixer_cm066023_1_000789_1_cnl,179,187
gca_000390325_3_nicotiana_tomentosiformis_helixer_cm066023_1_001754_1_cnl,185,193
gca_000390325_3_nicotiana_tomentosiformis_helixer_cm066024_1_000570_1_cnl,183,191
gca_000390325_3_nicotiana_tomentosiformis_helixer_cm066024_1_000785_1_cnl,185,193
gca_000390325_3_nicotiana_tomentosiformis_helixer_cm066025_1_000248_1_cnl,182,190
gca_000390325_3_nicotiana_tomentosiformis_helixer_cm066025_1_001513_1_cnl,185,193
gca_000393655_2_nicotiana_sylvestris_helixer_cm066003_1_000036_1_cnl,182,190
gca_000393655_2_nicotiana_sylvestris_helixer_cm066003_1_003442_1_cnl,185,193
gca_000393655_2_nicotiana_sylvestris_helixer_cm066006_1_000073_1_cnl,200,208
gca_000393655_2_nicotiana_sylvestris_helixer_cm066006_1_000251_1_cnl,208,216
gca_000393655_2_nicotiana_sylvestris_helixer_cm066006_1_002199_1_cnl,196,204
gca_000393655_2_nicotiana_sylvestris_helixer_cm066006_1_002200_1_cnl,183,191
gca_000393655_2_nicotiana_sylvestris_helixer_cm066011_1_001101_1_cnl,179,187
gca_000393655_2_nicotiana_sylvestris_helixer_cm066011_1_001218_1_cnl,182,190
gca_000393655_2_nicotiana_sylvestris_helixer_cm066012_1_001097_1_cnl,183,191
gca_000393655_2_nicotiana_sylvestris_helixer_cm066012_1_001294_1_nl,195,203
gca_000512255_2_capsicum_annuum_helixer_cm008455_1_007321_1_cnl,184,192
gca_000512255_2_capsicum_annuum_helixer_cm008465_1_000194_1_cnl,185,193
gca_000710875_1_capsicum_annuum_helixer_cm002822_1_001604_1_cnl,183,191
gca_000715075_2_nicotiana_tabacum_helixer_cm065990_1_001290_1_cnl,237,245
gca_000715075_2_nicotiana_tabacum_helixer_cm065992_1_000876_1_cnl,180,188
gca_000715075_2_nicotiana_tabacum_helixer_cm065992_1_001686_1_cnl,185,193
gca_000715075_2_nicotiana_tabacum_helixer_cm065994_1_001477_1_cnl,203,211
gca_000715075_2_nicotiana_tabacum_helixer_cm065994_1_001619_1_cnl,208,216
gca_000715075_2_nicotiana_tabacum_helixer_cm066002_1_000115_1_cnl,185,193
gca_000715095_1_nicotiana_tabacum_helixer_awok01s169090_1_000001_1_cnl,183,191
gca_000715095_1_nicotiana_tabacum_helixer_awok01s249544_1_000003_1_cnl,182,190
gca_000715095_1_nicotiana_tabacum_helixer_awok01s643190_1_000001_1_cnl,181,189
gca_002271885_2_capsicum_baccatum_helixer_cm008443_1_003514_1_cnl,184,192
gca_002271885_2_capsicum_baccatum_helixer_cm008453_1_000030_1_cnl,184,192
gca_002271885_2_capsicum_baccatum_helixer_mlft02000082_1_000049_1_cnl,183,191
gca_003996215_1_jaltomata_sinuosa_helixer_qjpp01000008_1_000133_1_cnl,183,191
gca_003996215_1_jaltomata_sinuosa_helixer_qjpp01000491_1_000001_1_cnl,184,192
gca_003996215_1_jaltomata_sinuosa_helixer_qjpp01000504_1_000061_1_cnl,180,188
gca_003996215_1_jaltomata_sinuosa_helixer_qjpp01000504_1_000063_1_cnl,196,204
gca_003996215_1_jaltomata_sinuosa_helixer_qjpp01001184_1_000001_1_cnl,187,195
gca_003996215_1_jaltomata_sinuosa_helixer_qjpp01001184_1_000003_1_cnl,183,191
gca_003996215_1_jaltomata_sinuosa_helixer_qjpp01001467_1_000026_1_cnl,195,203
gca_003996215_1_jaltomata_sinuosa_helixer_qjpp01001675_1_000011_1_cnl,183,191
gca_003996215_1_jaltomata_sinuosa_helixer_qjpp01001763_1_000005_1_cnl,199,207
gca_003996215_1_jaltomata_sinuosa_helixer_qjpp01002678_1_000022_1_cnl,181,189
gca_003996215_1_jaltomata_sinuosa_helixer_qjpp01004458_1_000001_1_cnl,252,260
gca_003996215_1_jaltomata_sinuosa_helixer_qjpp01005693_1_000001_1_cnl,185,193
gca_003996215_1_jaltomata_sinuosa_helixer_qjpp01007198_1_000029_1_cnl,183,191
gca_003996215_1_jaltomata_sinuosa_helixer_qjpp01007209_1_000045_1_cnl,179,187
gca_003996215_1_jaltomata_sinuosa_helixer_qjpp01007518_1_000113_1_cnl,178,186
gca_009827155_1_solanum_tuberosum_helixer_cp046683_1_000196_1_cnl,184,192
gca_009827155_1_solanum_tuberosum_helixer_cp046685_1_000054_1_cnl,184,192
gca_009827155_1_solanum_tuberosum_helixer_cp046685_1_000059_1_cnl,184,192
gca_009827155_1_solanum_tuberosum_helixer_cp046685_1_000069_1_cnl,184,192
gca_009827155_1_solanum_tuberosum_helixer_cp046685_1_000493_1_cnl,197,205
gca_009827155_1_solanum_tuberosum_helixer_cp046688_1_001379_1_cnl,188,196
gca_009827175_1_solanum_tuberosum_helixer_cp046699_1_000053_1_cnl,184,192
gca_009827175_1_solanum_tuberosum_helixer_cp046699_1_000059_1_cnl,184,192
gca_009827175_1_solanum_tuberosum_helixer_cp046699_1_000134_1_cnl,193,201
gca_009827175_1_solanum_tuberosum_helixer_cp046699_1_000501_1_cnl,197,205
gca_009827175_1_solanum_tuberosum_helixer_cp046699_1_003588_1_cnl,184,192
gca_009827175_1_solanum_tuberosum_helixer_cp046702_1_001380_1_cnl,183,191
gca_009887355_1_solanum_pinnatisectum_helixer_cp047561_1_000049_1_cnl,184,192
gca_009887355_1_solanum_pinnatisectum_helixer_cp047561_1_003298_1_cnl,184,192
gca_009887355_1_solanum_pinnatisectum_helixer_cp047567_1_001249_1_cnl,183,191
gca_010127505_1_solanum_tuberosum_helixer_cm020972_1_000061_1_cnl,184,192
gca_010127505_1_solanum_tuberosum_helixer_cm020972_1_000507_1_nl,161,169
gca_010127505_1_solanum_tuberosum_helixer_cm020972_1_003547_1_cnl,185,193
gca_010127505_1_solanum_tuberosum_helixer_cm020976_1_000169_1_cnl,183,191
gca_011745865_1_capsicum_annuum_helixer_vyzz01001315_1_000001_1_cnl,184,192
gca_014182985_2_solanum_tuberosum_helixer_cm024426_2_000063_1_cnl,184,192
gca_014182985_2_solanum_tuberosum_helixer_cm024426_2_000067_1_cnl,185,193
gca_014182985_2_solanum_tuberosum_helixer_cm024426_2_003175_1_cnl,184,192
gca_015076265_1_solanum_tuberosum_helixer_cp055237_1_000068_1_cnl,183,191
gca_015076265_1_solanum_tuberosum_helixer_cp055237_1_000076_1_cnl,184,192
gca_015076265_1_solanum_tuberosum_helixer_cp055237_1_000078_1_cnl,184,192
gca_015076265_1_solanum_tuberosum_helixer_cp055237_1_000084_1_cnl,187,195
gca_015076265_1_solanum_tuberosum_helixer_cp055237_1_000097_1_cnl,184,192
gca_015076265_1_solanum_tuberosum_helixer_cp055237_1_003298_1_cnl,185,193
gca_018107945_1_datura_stramonium_helixer_jaceik010000219_1_000008_1_cnl,183,191
gca_018107945_1_datura_stramonium_helixer_jaceik010000389_1_000025_1_cnl,184,192
gca_018107945_1_datura_stramonium_helixer_jaceik010001001_1_000029_1_cnl,169,177
gca_018107945_1_datura_stramonium_helixer_jaceik010001543_1_000008_1_cnl,186,194
gca_018107945_1_datura_stramonium_helixer_jaceik010002641_1_000017_1_cnl,184,192
gca_018258275_1_solanum_commersonii_helixer_cm031108_1_000039_1_cnl,185,193
gca_018258275_1_solanum_commersonii_helixer_cm031109_1_000476_1_cnl,200,208
gca_018258275_1_solanum_commersonii_helixer_cm031109_1_003105_1_cnl,184,192
gca_020169535_1_solanum_tuberosum_helixer_cm034991_1_000503_1_cnl,199,207
gca_020169555_1_solanum_tuberosum_helixer_cm035015_1_000055_1_cnl,259,267
gca_020169555_1_solanum_tuberosum_helixer_cm035015_1_000164_1_cnl,193,201
gca_020169555_1_solanum_tuberosum_helixer_cm035015_1_003604_1_cnl,193,201
gca_020169585_1_solanum_tuberosum_helixer_cm034979_1_000071_1_cnl,188,196
gca_020169585_1_solanum_tuberosum_helixer_cm034979_1_003533_1_cnl,223,231
gca_021292125_1_capsicum_annuum_helixer_cm037895_1_003612_1_cnl,184,192
gca_022817965_1_solanum_lycopersicoides_helixer_cm040620_1_000049_1_cnl,208,216
gca_022817965_1_solanum_lycopersicoides_helixer_cm040621_1_000131_1_cnl,184,192
gca_022817965_1_solanum_lycopersicoides_helixer_cm040621_1_000132_1_cnl,184,192
gca_022817965_1_solanum_lycopersicoides_helixer_cm040621_1_000133_1_cnl,180,188
gca_022817965_1_solanum_lycopersicoides_helixer_cm040621_1_002991_1_cnl,197,205
gca_022817965_1_solanum_lycopersicoides_helixer_cm040621_1_003001_1_cnl,197,205
gca_022817965_1_solanum_lycopersicoides_helixer_cm040621_1_003313_1_cnl,187,195
gca_022817965_1_solanum_lycopersicoides_helixer_cm040621_1_003314_1_cnl,184,192
gca_022817965_1_solanum_lycopersicoides_helixer_cm040621_1_003318_1_cnl,184,192
gca_022817965_1_solanum_lycopersicoides_helixer_cm040621_1_003358_1_cnl,193,201
gca_025758845_1_solanum_galapagense_helixer_cm047060_1_000064_1_cnl,198,206
gca_025759605_1_solanum_pimpinellifolium_helixer_cm047108_1_000078_1_cnl,187,195
gca_025759605_1_solanum_pimpinellifolium_helixer_cm047108_1_002532_1_cnl,194,202
gca_026929995_1_petunia_axillaris_helixer_cm049419_1_002979_1_cnl,185,193
gca_026929995_1_petunia_axillaris_helixer_cm049419_1_003100_1_cnl,183,191
gca_026929995_1_petunia_axillaris_helixer_cm049419_1_003716_1_cnl,189,197
gca_026929995_1_petunia_axillaris_helixer_cm049419_1_003719_1_cnl,189,197
gca_026929995_1_petunia_axillaris_helixer_cm049419_1_003722_1_cnl,188,196
gca_026929995_1_petunia_axillaris_helixer_cm049419_1_003998_1_cnl,183,191
gca_026929995_1_petunia_axillaris_helixer_cm049419_1_003999_1_cnl,183,191
gca_026929995_1_petunia_axillaris_helixer_cm049419_1_004000_1_cnl,184,192
gca_026929995_1_petunia_axillaris_helixer_cm049419_1_004007_1_cnl,183,191
gca_026929995_1_petunia_axillaris_helixer_cm049419_1_004008_1_cnl,183,191
gca_026929995_1_petunia_axillaris_helixer_cm049419_1_004009_1_cnl,183,191
gca_026929995_1_petunia_axillaris_helixer_cm049419_1_004183_1_cnl,250,258
gca_026929995_1_petunia_axillaris_helixer_cm049421_1_004338_1_cnl,184,192
gca_026929995_1_petunia_axillaris_helixer_cm049424_1_000485_1_cnl,182,190
gca_026929995_1_petunia_axillaris_helixer_cm049424_1_003663_1_cnl,182,190
gca_026929995_1_petunia_axillaris_helixer_cm049425_1_001866_1_cnl,179,187
gca_027073615_1_capsicum_annuum_helixer_cm049642_1_002932_1_nl,210,218
gca_027073675_1_capsicum_annuum_helixer_cm049668_1_007584_1_cnl,184,192
gca_027073675_1_capsicum_annuum_helixer_cm049670_1_006826_1_cnl,212,220
gca_027704765_1_solanum_habrochaites_helixer_jakwja010002489_1_000766_1_cnl,185,193
gca_027704765_1_solanum_habrochaites_helixer_jakwja010002492_1_000063_1_cnl,176,184
gca_027704765_1_solanum_habrochaites_helixer_jakwja010002492_1_002206_1_cnl,196,204
gca_027704765_1_solanum_habrochaites_helixer_jakwja010002492_1_002397_1_cnl,194,202
gca_027705065_1_solanum_peruvianum_helixer_jakwjd010001757_1_000033_1_cnl,220,228
gca_027705065_1_solanum_peruvianum_helixer_jakwjd010001758_1_000053_1_cnl,187,195
gca_027705065_1_solanum_peruvianum_helixer_jakwjd010001758_1_002204_1_cnl,196,204
gca_027789145_1_solanum_arcanum_helixer_cm050936_1_000254_1_cnl,177,185
gca_027789145_1_solanum_arcanum_helixer_cm050936_1_002424_1_cnl,196,204
gca_029783415_1_anisodus_acutangulus_helixer_cm056490_1_001359_1_cnl,182,190
gca_029783415_1_anisodus_acutangulus_helixer_cm056493_1_000284_1_cnl,184,192
gca_029783415_1_anisodus_acutangulus_helixer_cm056493_1_001557_1_cnl,183,191
gca_029783415_1_anisodus_acutangulus_helixer_cm056493_1_001632_1_cnl,260,268
gca_029783415_1_anisodus_acutangulus_helixer_cm056500_1_000394_1_cnl,183,191
gca_029948455_1_solanum_rostratum_helixer_cm057045_1_000876_1_cnl,184,192
gca_029948455_1_solanum_rostratum_helixer_cm057046_1_001839_1_cnl,208,216
gca_029948455_1_solanum_rostratum_helixer_cm057053_1_000712_1_cnl,185,193
gca_029948455_1_solanum_rostratum_helixer_cm057053_1_000713_1_cnl,184,192
gca_029948455_1_solanum_rostratum_helixer_cm057053_1_001371_1_cnl,193,201
gca_029948455_1_solanum_rostratum_helixer_cm057053_1_001489_1_cnl,183,191
gca_029948455_1_solanum_rostratum_helixer_cm057053_1_001490_1_cnl,184,192
gca_030407365_1_solanum_americanum_helixer_cm059522_1_001160_1_cnl,184,192
gca_030407365_1_solanum_americanum_helixer_cm059526_1_002497_1_cnl,183,191
gca_030407365_1_solanum_americanum_helixer_cm059531_1_002022_1_cnl,182,190
gca_030407365_1_solanum_americanum_helixer_cm059532_1_000953_1_cnl,186,194
gca_030407365_1_solanum_americanum_helixer_cm059532_1_001126_1_cnl,183,191
gca_030407365_1_solanum_americanum_helixer_cm059532_1_001129_1_cnl,184,192
gca_030407365_1_solanum_americanum_helixer_cm059532_1_001626_1_cnl,184,192
gca_030407385_1_solanum_americanum_helixer_cm059544_1_001883_1_cnl,194,202
gca_030407385_1_solanum_americanum_helixer_cm059544_1_001884_1_cnl,185,193
gca_030407385_1_solanum_americanum_helixer_cm059544_1_001886_1_cnl,186,194
gca_030407385_1_solanum_americanum_helixer_cm059544_1_001963_1_cnl,192,200
gca_030463325_1_solanum_americanum_helixer_cm059889_1_001796_1_cnl,193,201
gca_030463325_1_solanum_americanum_helixer_cm059889_1_001917_1_cnl,185,193
gca_030864215_1_capsicum_pubescens_helixer_cm061541_1_002619_1_cnl,187,195
gca_030864215_1_capsicum_pubescens_helixer_cm061548_1_002859_1_cnl,184,192
gca_030864215_1_capsicum_pubescens_helixer_cm061548_1_002973_1_cnl,250,258
gca_030864215_1_capsicum_pubescens_helixer_cm061548_1_002980_1_cnl,184,192
gca_030864215_1_capsicum_pubescens_helixer_cm061548_1_003430_1_cnl,184,192
gca_030864225_1_capsicum_baccatum_helixer_cm061550_1_004357_1_cnl,184,192
gca_031230405_1_solanum_verrucosum_helixer_cp133615_1_000061_1_cnl,184,192
gca_031230405_1_solanum_verrucosum_helixer_cp133615_1_000062_1_cnl,184,192
gca_031230405_1_solanum_verrucosum_helixer_cp133615_1_000063_1_cnl,184,192
gca_031230405_1_solanum_verrucosum_helixer_cp133615_1_003168_1_cnl,165,173
gca_031230405_1_solanum_verrucosum_helixer_cp133615_1_003178_1_cnl,184,192
gca_031230405_1_solanum_verrucosum_helixer_cp133616_1_000176_1_cnl,213,221
gca_031232105_1_capsicum_rhomboideum_helixer_cp124709_1_000139_1_cnl,200,208
gca_031232105_1_capsicum_rhomboideum_helixer_cp124709_1_000141_1_cnl,184,192
gca_031232105_1_capsicum_rhomboideum_helixer_cp124709_1_001332_1_cnl,178,186
gca_031232105_1_capsicum_rhomboideum_helixer_cp124709_1_001335_1_cnl,186,194
gca_031232105_1_capsicum_rhomboideum_helixer_cp124709_1_001340_1_cnl,183,191
gca_031232105_1_capsicum_rhomboideum_helixer_cp124709_1_001341_1_cnl,183,191
gca_031232105_1_capsicum_rhomboideum_helixer_cp124709_1_001429_1_cnl,184,192
gca_031232105_1_capsicum_rhomboideum_helixer_cp124709_1_001719_1_cnl,180,188
gca_031232105_1_capsicum_rhomboideum_helixer_cp124709_1_002494_1_cnl,183,191
gca_031232105_1_capsicum_rhomboideum_helixer_cp124709_1_002495_1_cnl,183,191
gca_031232105_1_capsicum_rhomboideum_helixer_cp124711_1_000015_1_cnl,207,215
gca_031232105_1_capsicum_rhomboideum_helixer_cp124714_1_002035_1_cnl,181,189
gca_031232105_1_capsicum_rhomboideum_helixer_cp124715_1_000921_1_cnl,185,193
gca_031232105_1_capsicum_rhomboideum_helixer_cp124715_1_000985_1_cnl,194,202
gca_031232105_1_capsicum_rhomboideum_helixer_cp124715_1_000986_1_cnl,196,204
gca_031232105_1_capsicum_rhomboideum_helixer_cp124715_1_001119_1_cnl,184,192
gca_031232105_1_capsicum_rhomboideum_helixer_cp124715_1_001562_1_cnl,184,192
gca_031232105_1_capsicum_rhomboideum_helixer_cp124715_1_001786_1_cnl,182,190
gca_031232105_1_capsicum_rhomboideum_helixer_cp124719_1_001091_1_cnl,183,191
gca_034376525_1_nicotiana_benthamiana_helixer_cm067327_1_001175_1_cnl,186,194
gca_034376525_1_nicotiana_benthamiana_helixer_cm067327_1_001176_1_cnl,226,234
gca_034376525_1_nicotiana_benthamiana_helixer_cm067328_1_001982_1_cnl,181,189
gca_034376525_1_nicotiana_benthamiana_helixer_cm067328_1_001986_1_cnl,179,187
gca_034376525_1_nicotiana_benthamiana_helixer_cm067334_1_002349_1_nl,212,220
gca_034376525_1_nicotiana_benthamiana_helixer_cm067337_1_000383_1_cnl,240,248
gca_034376525_1_nicotiana_benthamiana_helixer_cm067338_1_002124_1_cnl,185,193
gca_034509755_1_anisodus_tanguticus_helixer_cm067543_1_000727_1_cnl,193,201
gca_035048845_1_solanum_bulbocastanum_helixer_cm068597_1_001790_1_cnl,185,193
gca_035048845_1_solanum_bulbocastanum_helixer_cm068598_1_001503_1_cnl,193,201
gca_035578085_1_solanum_pinnatisectum_helixer_cm069079_1_002902_1_cnl,184,192
gca_035772555_1_solanum_americanum_helixer_cm069619_1_000963_1_cnl,184,192
gca_035772735_1_datura_wrightii_helixer_jasdfa010000003_1_000997_1_cnl,186,194
gca_035772735_1_datura_wrightii_helixer_jasdfa010000004_1_000625_1_cnl,186,194
gca_036553645_1_solanum_okadae_helixer_cm071693_1_000075_1_cnl,188,196
gca_036553645_1_solanum_okadae_helixer_cm071693_1_000097_1_cnl,184,192
gca_036553645_1_solanum_okadae_helixer_cm071693_1_000550_1_cnl,199,207
gca_036553645_1_solanum_okadae_helixer_cm071693_1_002788_1_cnl,198,206
gca_036553645_1_solanum_okadae_helixer_cm071693_1_003237_1_cnl,234,242
gca_036553675_1_solanum_okadae_helixer_cm071681_1_000076_1_cnl,184,192
gca_036553675_1_solanum_okadae_helixer_cm071681_1_000083_1_cnl,184,192
gca_036553675_1_solanum_okadae_helixer_cm071681_1_000096_1_cnl,185,193
gca_036553675_1_solanum_okadae_helixer_cm071681_1_000100_1_cnl,184,192
gca_036553675_1_solanum_okadae_helixer_cm071681_1_000101_1_cnl,185,193
gca_036553675_1_solanum_okadae_helixer_cm071681_1_003365_1_cnl,184,192
gca_036553675_1_solanum_okadae_helixer_cm071681_1_003379_1_cnl,224,232
gca_036553675_1_solanum_okadae_helixer_cm071682_1_000185_1_cnl,192,200
gca_037074985_1_solanum_bulbocastanum_helixer_cm073600_1_000063_1_cnl,180,188
gca_037074985_1_solanum_bulbocastanum_helixer_cm073600_1_000067_1_cnl,183,191
gca_041222595_1_solanum_tuberosum_helixer_cm083533_1_002184_1_cnl,184,192
gca_041222595_1_solanum_tuberosum_helixer_cm083533_1_002187_1_cnl,184,192
gca_041222595_1_solanum_tuberosum_helixer_cm083533_1_002195_1_cnl,184,192
gca_041222595_1_solanum_tuberosum_helixer_cm083533_1_003033_1_cnl,186,194
gca_041222595_1_solanum_tuberosum_helixer_cm083533_1_003050_1_cnl,185,193
gca_041222595_1_solanum_tuberosum_helixer_cm083536_1_000739_1_cnl,186,194
gca_041222595_1_solanum_tuberosum_helixer_cm083536_1_001497_1_cnl,223,231
gca_041430385_1_lycium_ruthenicum_helixer_cm084478_1_003191_1_cnl,184,192
gca_041430385_1_lycium_ruthenicum_helixer_cm084482_1_000481_1_cnl,183,191
gca_041430385_1_lycium_ruthenicum_helixer_cm084482_1_001357_1_cnl,182,190
gca_041430385_1_lycium_ruthenicum_helixer_cm084482_1_001641_1_cnl,183,191
gca_041430385_1_lycium_ruthenicum_helixer_cm084482_1_001642_1_cnl,184,192
gca_041430385_1_lycium_ruthenicum_helixer_cm084487_1_001882_1_cnl,184,192
gca_041430385_1_lycium_ruthenicum_helixer_cm084488_1_001299_1_cnl,180,188
gca_046563305_1_solanum_acaule_helixer_cm102187_1_001127_1_cnl,216,224
gca_046563305_1_solanum_acaule_helixer_cm102190_1_000066_1_cnl,184,192
gca_046563305_1_solanum_acaule_helixer_cm102190_1_000164_1_cnl,179,187
gca_046563305_1_solanum_acaule_helixer_cm102190_1_000453_1_cnl,200,208
gca_046563445_1_petunia_x_hybrida_helixer_cm102210_1_000309_1_cnl,184,192
gca_046563445_1_petunia_x_hybrida_helixer_cm102210_1_006098_1_cnl,186,194
gca_046563445_1_petunia_x_hybrida_helixer_cm102212_1_004388_1_cnl,184,192
gca_964243065_1_solanum_nigrum_helixer_oz176020_1_000972_1_cnl,213,221
gca_964243065_1_solanum_nigrum_helixer_oz176031_1_002115_1_cnl,184,192
gca_964243065_1_solanum_nigrum_helixer_oz176031_1_002116_1_cnl,184,192
gca_964243065_1_solanum_nigrum_helixer_oz176032_1_000350_1_cnl,218,226
gca_964243065_1_solanum_nigrum_helixer_oz176032_1_001950_1_cnl,187,195
gca_964243065_1_solanum_nigrum_helixer_oz176035_1_001274_1_cnl,162,170
gcf_000188115_5_solanum_lycopersicum_helixer_nc_015441_3_002606_1_cnl,189,197
gcf_000226075_1_solanum_tuberosum_helixer_nw_006239629_1_000001_1_cnl,184,192
gcf_000226075_1_solanum_tuberosum_helixer_nw_006240007_1_000002_1_cnl,184,192
gcf_000715135_1_nicotiana_tabacum_helixer_nw_015918759_1_000002_1_nl,205,213
gcf_000715135_1_nicotiana_tabacum_helixer_nw_015927163_1_000002_1_cnl,182,190
gcf_001406875_1_solanum_pennellii_helixer_nc_028637_1_001147_1_cnl,203,211
gcf_001406875_1_solanum_pennellii_helixer_nc_028639_1_000033_1_cnl,212,220
gcf_019175385_1_lycium_barbarum_helixer_nc_083344_1_000514_1_cnl,183,191
gcf_019175385_1_lycium_barbarum_helixer_nc_083346_1_000969_1_cnl,164,172
gcf_019175385_1_lycium_barbarum_helixer_nc_083346_1_002027_1_cnl,182,190
gcf_019175385_1_lycium_barbarum_helixer_nc_083346_1_002029_1_cnl,217,225
gcf_019175385_1_lycium_barbarum_helixer_nc_083347_1_001172_1_nl,174,182
gcf_019175385_1_lycium_barbarum_helixer_nc_083347_1_001827_1_cnl,242,250
gcf_019186545_1_solanum_stenotomum_helixer_nc_064283_1_001489_1_cnl,184,192
gcf_019186545_1_solanum_stenotomum_helixer_nc_064283_1_001579_1_cnl,183,191
gcf_019186545_1_solanum_stenotomum_helixer_nc_064283_1_001588_1_cnl,185,193
gcf_019186545_1_solanum_stenotomum_helixer_nc_064283_1_001653_1_cnl,185,193
gcf_019186545_1_solanum_stenotomum_helixer_nc_064283_1_001655_1_cnl,185,193
gcf_019186545_1_solanum_stenotomum_helixer_nc_064283_1_001659_1_cnl,185,193
gcf_019186545_1_solanum_stenotomum_helixer_nc_064286_1_001156_1_cnl,184,192
gcf_019186545_1_solanum_stenotomum_helixer_nw_026036724_1_000001_1_cnl,184,192
gcf_029784015_1_lycium_ferocissimum_helixer_nc_081347_1_001693_1_nl,220,228
gcf_029784015_1_lycium_ferocissimum_helixer_nc_081347_1_001839_1_cnl,200,208
gcf_029784015_1_lycium_ferocissimum_helixer_nc_081347_1_001840_1_cnl,192,200
gcf_029784015_1_lycium_ferocissimum_helixer_nc_081350_1_001632_1_cnl,185,193
gcf_029784015_1_lycium_ferocissimum_helixer_nc_081352_1_002385_1_cnl,178,186
gcf_947179165_1_solanum_dulcamara_helixer_nc_077240_1_002562_1_cnl,184,192
gcf_947179165_1_solanum_dulcamara_helixer_nc_077243_1_001430_1_cnl,184,192
gcf_947179165_1_solanum_dulcamara_helixer_nc_077246_1_000553_1_cnl,184,192
gcf_947179165_1_solanum_dulcamara_helixer_nc_077246_1_001252_1_cnl,193,201
gcf_947179165_1_solanum_dulcamara_helixer_nc_077246_1_001327_1_cnl,184,192
gcf_947179165_1_solanum_dulcamara_helixer_nc_077246_1_001328_1_cnl,186,194
gcf_947179165_1_solanum_dulcamara_helixer_nc_077248_1_001122_1_cnl,184,192
goa_00000000002_solanum_tuberosum_helixer_chr04_hap13_v2_000064_1_cnl,184,192
goa_00000000002_solanum_tuberosum_helixer_chr04_hap13_v2_000492_1_cnl,199,207
goa_00000000002_solanum_tuberosum_helixer_chr04_hap13_v2_002870_1_cnl,197,205
goa_00000000002_solanum_tuberosum_helixer_chr04_hap13_v2_003135_1_cnl,192,200
goa_00000000002_solanum_tuberosum_helixer_chr04_hap13_v2_003284_1_cnl,184,192
goa_00000000002_solanum_tuberosum_helixer_chr10_hap37_v2_000178_1_cnl,184,192
goa_00000000002_solanum_tuberosum_helixer_chr10_hap37_v2_002022_1_cnl,183,191
goa_00000000003_solanum_tuberosum_helixer_chr01_hap2_v2_001395_1_cnl,185,193
goa_00000000003_solanum_tuberosum_helixer_chr04_hap14_v2_000062_1_cnl,184,192
goa_00000000003_solanum_tuberosum_helixer_chr04_hap14_v2_000064_1_cnl,183,191
goa_00000000006_solanum_tuberosum_helixer_chr04_hap14_v2_000051_1_cnl,184,192
goa_00000000006_solanum_tuberosum_helixer_chr04_hap14_v2_000053_1_cnl,184,192
goa_00000000008_solanum_tuberosum_helixer_chr04_hap16_v2_000060_1_cnl,184,192
goa_00000000008_solanum_tuberosum_helixer_chr04_hap16_v2_003054_1_cnl,185,193
goa_00000000009_solanum_tuberosum_helixer_chr04_hap13_v2_000061_1_cnl,184,192
goa_00000000009_solanum_tuberosum_helixer_chr04_hap13_v2_000062_1_cnl,184,192
goa_00000000009_solanum_tuberosum_helixer_chr04_hap13_v2_000064_1_cnl,184,192
goa_00000000012_solanum_tuberosum_helixer_chr04_hap16_v2_000070_1_cnl,185,193
goa_00000000012_solanum_tuberosum_helixer_chr04_hap16_v2_000086_1_cnl,184,192
goa_00000000012_solanum_tuberosum_helixer_chr04_hap16_v2_000092_1_cnl,182,190
goa_00000000012_solanum_tuberosum_helixer_chr04_hap16_v2_002670_1_cnl,199,207
goa_00000000012_solanum_tuberosum_helixer_chr04_hap16_v2_003144_1_cnl,184,192
goa_00000000013_solanum_tuberosum_helixer_chr04_hap13_v2_000503_1_cnl,226,234
goa_00000000014_solanum_tuberosum_helixer_chr04_hap14_v2_000069_1_cnl,167,175
goa_00000000014_solanum_tuberosum_helixer_chr04_hap14_v2_000070_1_cnl,184,192
goa_00000000019_solanum_tuberosum_helixer_chr04_hap15_v2_003072_1_cnl,189,197
goa_00000000025_solanum_tuberosum_helixer_chr04_hap13_v2_000172_1_cnl,193,201
goa_00000000025_solanum_tuberosum_helixer_chr04_hap13_v2_003347_1_cnl,184,192
goa_00000000027_solanum_tuberosum_helixer_chr04_hap15_v2_000059_1_cnl,162,170
goa_00000000027_solanum_tuberosum_helixer_chr04_hap15_v2_000062_1_cnl,184,192
goa_00000000027_solanum_tuberosum_helixer_chr04_hap15_v2_002959_1_cnl,185,193
goa_00000000039_solanum_tuberosum_helixer_chr04_hap15_v2_000084_1_cnl,179,187
goa_00000000039_solanum_tuberosum_helixer_chr04_hap15_v2_000086_1_cnl,184,192
gob_00000000001_solanum_abutiloides_helixer_chr12_002094_1_cnl,218,226
gob_00000000001_solanum_abutiloides_helixer_chr1_000942_1_cnl,184,192
gob_00000000001_solanum_abutiloides_helixer_chr4_000453_1_cnl,184,192
gob_00000000001_solanum_abutiloides_helixer_chr4_000454_1_cnl,186,194
gob_00000000001_solanum_abutiloides_helixer_chr4_000455_1_cnl,186,194
gob_00000000001_solanum_abutiloides_helixer_chr4_000456_1_cnl,184,192
gob_00000000001_solanum_abutiloides_helixer_chr4_002180_1_cnl,183,191
gob_00000000001_solanum_abutiloides_helixer_chr4_002181_1_cnl,183,191
gob_00000000001_solanum_abutiloides_helixer_chr4_002182_1_cnl,185,193
gob_00000000001_solanum_abutiloides_helixer_chr4_002184_1_cnl,184,192
gob_00000000001_solanum_abutiloides_helixer_chr5_002274_1_cnl,183,191
gob_00000000002_physalis_grisea_helixer_chr10_000126_1_cnl,185,193
gob_00000000002_physalis_grisea_helixer_chr12_000966_1_cnl,183,191
gob_00000000002_physalis_grisea_helixer_chr2_001703_1_cnl,184,192
gob_00000000002_physalis_grisea_helixer_chr2_001704_1_cnl,184,192
gob_00000000002_physalis_grisea_helixer_chr2_001705_1_cnl,184,192
gob_00000000002_physalis_grisea_helixer_chr2_002651_1_cnl,187,195
gob_00000000002_physalis_grisea_helixer_chr4_000024_1_cnl,187,195
gob_00000000002_physalis_grisea_helixer_chr4_000025_1_cnl,187,195
gob_00000000002_physalis_grisea_helixer_chr4_000942_1_cnl,184,192
gob_00000000002_physalis_grisea_helixer_chr4_001191_1_cnl,179,187
gob_00000000002_physalis_grisea_helixer_chr7_000917_1_cnl,219,227
gob_00000000002_physalis_grisea_helixer_chr7_001521_1_cnl,194,202
gob_00000000002_physalis_grisea_helixer_chr8_003528_1_cnl,184,192
gob_00000000003_solanum_aethiopicum_helixer_chr7_000605_1_cnl,208,216
gob_00000000003_solanum_aethiopicum_helixer_chr7_002601_1_cnl,185,193
gob_00000000003_solanum_aethiopicum_helixer_chr7_002691_1_nl,170,178
gob_00000000005_solanum_anguivi_helixer_chr7_002476_1_cnl,188,196
gob_00000000006_solanum_candidum_helixer_chr12_001876_1_cnl,184,192
gob_00000000006_solanum_candidum_helixer_chr4_002052_1_cnl,193,201
gob_00000000006_solanum_candidum_helixer_chr5_002093_1_cnl,183,191
gob_00000000007_solanum_citrullifolium_helixer_chr4_000370_1_cnl,183,191
gob_00000000007_solanum_citrullifolium_helixer_chr4_000371_1_cnl,183,191
gob_00000000007_solanum_citrullifolium_helixer_chr4_001718_1_cnl,185,193
gob_00000000008_solanum_cleistogamum_helixer_chr4_000389_1_cnl,186,194
gob_00000000008_solanum_cleistogamum_helixer_chr4_000391_1_cnl,185,193
gob_00000000009_solanum_etuberosum_helixer_chr3_000041_1_cnl,215,223
gob_00000000010_solanum_giganteum_helixer_chr4_001916_1_cnl,185,193
gob_00000000010_solanum_giganteum_helixer_chr4_001917_1_cnl,185,193
gob_00000000010_solanum_giganteum_helixer_chr5_003787_1_cnl,183,191
gob_00000000010_solanum_giganteum_helixer_chr5_003788_1_cnl,183,191
gob_00000000011_solanum_havanense_helixer_chr10_001491_1_cnl,182,190
gob_00000000011_solanum_havanense_helixer_chr12_001779_1_cnl,187,195
gob_00000000011_solanum_havanense_helixer_chr4_000390_1_cnl,184,192
gob_00000000011_solanum_havanense_helixer_chr4_000391_1_cnl,193,201
gob_00000000011_solanum_havanense_helixer_chr4_001694_1_cnl,212,220
gob_00000000011_solanum_havanense_helixer_chr5_001893_1_cnl,183,191
gob_00000000013_solanum_linnaeanum_helixer_chr4_002223_1_cnl,193,201
gob_00000000015_solanum_macrocarpon_helixer_chr1_000853_1_cnl,199,207
gob_00000000015_solanum_macrocarpon_helixer_chr4_000530_1_cnl,185,193
gob_00000000016_solanum_mammosum_helixer_chr4_000832_1_cnl,185,193
gob_00000000016_solanum_mammosum_helixer_chr4_003124_1_cnl,186,194
gob_00000000016_solanum_mammosum_helixer_chr4_003125_1_cnl,186,194
gob_00000000016_solanum_mammosum_helixer_chr5_002891_1_cnl,183,191
gob_00000000016_solanum_mammosum_helixer_chr6_006068_1_cnl,184,192
gob_00000000017_solanum_muricatum_helixer_chr1_001125_1_cnl,184,192
gob_00000000017_solanum_muricatum_helixer_chr4_002240_1_cnl,193,201
gob_00000000018_solanum_muricatum_helixer_chr3_000034_1_cnl,182,190
gob_00000000018_solanum_muricatum_helixer_chr4_000057_1_cnl,183,191
gob_00000000018_solanum_muricatum_helixer_chr4_000058_1_cnl,184,192
gob_00000000018_solanum_muricatum_helixer_chr4_000059_1_cnl,186,194
gob_00000000018_solanum_muricatum_helixer_chr4_002408_1_cnl,184,192
gob_00000000018_solanum_muricatum_helixer_chr4_002409_1_cnl,185,193
gob_00000000019_solanum_aethiopicum_helixer_chr4_002314_1_cnl,221,229
gob_00000000019_solanum_aethiopicum_helixer_chr4_002316_1_cnl,170,178
gob_00000000020_solanum_aethiopicum_helixer_chr4_000592_1_cnl,188,196
gob_00000000022_solanum_aethiopicum_helixer_chr11_001439_1_cnl,182,190
gob_00000000022_solanum_aethiopicum_helixer_chr5_001128_1_cnl,209,217
gob_00000000022_solanum_aethiopicum_helixer_chr5_001129_1_cnl,183,191
gob_00000000028_solanum_prinophyllum_helixer_chr4_000416_1_cnl,184,192
gob_00000000028_solanum_prinophyllum_helixer_chr4_002003_1_cnl,186,194
gob_00000000028_solanum_prinophyllum_helixer_chr4_002010_1_cnl,196,204
gob_00000000029_solanum_pseudolulo_helixer_chr4_000488_1_cnl,186,194
gob_00000000030_solanum_quitoense_helixer_chr4_000334_1_cnl,193,201
gob_00000000030_solanum_quitoense_helixer_chr4_001879_1_cnl,185,193
gob_00000000031_solanum_robustum_helixer_chr12_002104_1_cnl,183,191
gob_00000000031_solanum_robustum_helixer_chr12_002106_1_cnl,183,191
gob_00000000031_solanum_robustum_helixer_chr4_000547_1_cnl,179,187
gob_00000000031_solanum_robustum_helixer_chr4_000552_1_cnl,186,194
gob_00000000031_solanum_robustum_helixer_chr4_002178_1_cnl,213,221
gob_00000000031_solanum_robustum_helixer_chr4_002239_1_cnl,185,193
gob_00000000031_solanum_robustum_helixer_chr7_000593_1_cnl,184,192
gob_00000000033_solanum_torvum_helixer_chr4_000622_1_cnl,185,193
gob_00000000033_solanum_torvum_helixer_chr4_000624_1_cnl,183,191
gob_00000000033_solanum_torvum_helixer_chr4_000628_1_cnl,186,194
gob_00000000033_solanum_torvum_helixer_chr4_000629_1_cnl,186,194
gob_00000000033_solanum_torvum_helixer_chr4_000631_1_cnl,189,197
gob_00000000033_solanum_torvum_helixer_chr4_002399_1_cnl,183,191
gob_00000000033_solanum_torvum_helixer_chr4_002400_1_cnl,165,173
gob_00000000033_solanum_torvum_helixer_chr4_002402_1_cnl,185,193
gob_00000000033_solanum_torvum_helixer_chr4_002405_1_cnl,186,194
gob_00000000033_solanum_torvum_helixer_chr4_002510_1_cnl,193,201
gob_00000000033_solanum_torvum_helixer_chr4_002667_1_cnl,186,194
gob_00000000033_solanum_torvum_helixer_chr5_001009_1_cnl,180,188
gob_00000000034_solanum_violaceum_helixer_chr10_000581_1_cnl,233,241
gob_00000000034_solanum_violaceum_helixer_chr4_000463_1_cnl,185,193
goc_00000000003_solanum_tuberosum_helixer_e8669_h1_chr4_1_000059_1_cnl,184,192
goc_00000000004_solanum_tuberosum_helixer_e8669_h2_chr4_2_003137_1_cnl,193,201
goc_00000000007_solanum_candolleanum_helixer_c399_h1_chr1_1_001282_1_nl,155,163
goc_00000000007_solanum_candolleanum_helixer_c399_h1_chr4_1_000530_1_cnl,217,225
goc_00000000009_solanum_candolleanum_helixer_c410_h1_chr1_1_001188_1_cnl,215,223
goc_00000000009_solanum_candolleanum_helixer_c410_h1_chr4_1_000065_1_cnl,184,192
goc_00000000009_solanum_candolleanum_helixer_c410_h1_chr4_1_000076_1_cnl,184,192
goc_00000000009_solanum_candolleanum_helixer_c410_h1_chr4_1_000095_1_cnl,187,195
goc_00000000009_solanum_candolleanum_helixer_c410_h1_chr4_1_000203_1_cnl,212,220
goc_00000000009_solanum_candolleanum_helixer_c410_h1_chr4_1_002823_1_cnl,149,157
goc_00000000009_solanum_candolleanum_helixer_c410_h1_chr4_1_003320_1_cnl,195,203
goc_00000000010_solanum_candolleanum_helixer_c410_h2_chr4_2_000082_1_cnl,184,192
goc_00000000010_solanum_candolleanum_helixer_c410_h2_chr4_2_000085_1_cnl,182,190
goc_00000000010_solanum_candolleanum_helixer_c410_h2_chr4_2_003186_1_cnl,194,202
goc_00000000010_solanum_candolleanum_helixer_c410_h2_chr4_2_003224_1_cnl,215,223
goc_00000000010_solanum_candolleanum_helixer_c410_h2_chr4_2_003389_1_cnl,184,192
goc_00000000011_solanum_candolleanum_helixer_c497_h1_chr3_1_000035_1_nl,151,159
goc_00000000011_solanum_candolleanum_helixer_c497_h1_chr4_1_000063_1_cnl,184,192
goc_00000000011_solanum_candolleanum_helixer_c497_h1_chr4_1_000082_1_cnl,182,190
goc_00000000012_solanum_candolleanum_helixer_c497_h2_chr4_2_000062_1_cnl,184,192
goc_00000000012_solanum_candolleanum_helixer_c497_h2_chr4_2_000065_1_cnl,184,192
goc_00000000012_solanum_candolleanum_helixer_c497_h2_chr4_2_003242_1_cnl,166,174
goc_00000000013_solanum_candolleanum_helixer_c462_h1_chr4_1_002800_1_cnl,200,208
goc_00000000013_solanum_candolleanum_helixer_c462_h1_chr4_1_003249_1_cnl,185,193
goc_00000000014_solanum_candolleanum_helixer_c462_h2_chr5_2_000165_1_cnl,209,217
goc_00000000015_solanum_candolleanum_helixer_c413_h1_chr1_1_001161_1_cnl,188,196
goc_00000000016_solanum_candolleanum_helixer_c413_h2_chr4_2_000088_1_cnl,184,192
goc_00000000016_solanum_candolleanum_helixer_c413_h2_chr4_2_000099_1_cnl,184,192
goc_00000000016_solanum_candolleanum_helixer_c413_h2_chr4_2_003201_1_cnl,192,200
goc_00000000018_solanum_candolleanum_helixer_c574_h2_chr4_2_000062_1_cnl,244,252
goc_00000000019_solanum_candolleanum_helixer_c419_h1_chr4_1_000073_1_cnl,199,207
goc_00000000020_solanum_candolleanum_helixer_c419_h2_chr4_2_000068_1_cnl,186,194
goc_00000000021_solanum_candolleanum_helixer_c422_h1_chr4_1_000079_1_cnl,184,192
goc_00000000022_solanum_candolleanum_helixer_c422_h2_chr4_2_000071_1_cnl,167,175
goc_00000000022_solanum_candolleanum_helixer_c422_h2_chr4_2_000098_1_cnl,167,175
goc_00000000024_solanum_candolleanum_helixer_c423_h2_chr4_2_000193_1_cnl,193,201
goc_00000000028_solanum_tuberosum_helixer_c001_h2_chr4_2_000190_1_cnl,169,177
goc_00000000030_solanum_tuberosum_helixer_c005_h2_chr4_2_000064_1_cnl,184,192
goc_00000000030_solanum_tuberosum_helixer_c005_h2_chr4_2_000068_1_cnl,186,194
goc_00000000031_solanum_tuberosum_helixer_c025_h1_chr4_1_000065_1_cnl,184,192
goc_00000000031_solanum_tuberosum_helixer_c025_h1_chr4_1_000071_1_cnl,185,193
goc_00000000036_solanum_tuberosum_helixer_c093_h2_chr4_2_003127_1_cnl,184,192
goc_00000000038_solanum_tuberosum_helixer_c027_h2_chr4_2_000071_1_cnl,184,192
goc_00000000039_solanum_tuberosum_helixer_c098_h1_chr4_1_000174_1_cnl,177,185
goc_00000000041_solanum_tuberosum_helixer_c121_h1_chr4_1_000069_1_cnl,184,192
goc_00000000051_solanum_tuberosum_helixer_c058_h1_chr4_1_003289_1_cnl,186,194
gol_00000000003_solanum_tuberosum_helixer_e86_69_chr01_001162_1_cnl,188,196
gol_00000000003_solanum_tuberosum_helixer_e86_69_chr01_001163_1_cnl,183,191
gol_00000000003_solanum_tuberosum_helixer_e86_69_chr04_002874_1_cnl,197,205
gol_00000000003_solanum_tuberosum_helixer_e86_69_hptg0064_000060_1_cnl,183,191
gol_00000000003_solanum_tuberosum_helixer_e86_69_hptg0064_000064_1_cnl,184,192
gol_00000000003_solanum_tuberosum_helixer_e86_69_hptg0064_000068_1_cnl,185,193
gol_00000000003_solanum_tuberosum_helixer_e86_69_hptg0064_000186_1_cnl,184,192
gol_00000000004_solanum_palustre_helixer_pg0009_tig00006239_000249_1_cnl,183,191
gol_00000000004_solanum_palustre_helixer_pg0009_tig00065009_000279_1_cnl,200,208
gol_00000000004_solanum_palustre_helixer_pg0009_tig00065009_000354_1_cnl,184,192
gol_00000000004_solanum_palustre_helixer_pg0009_tig00065009_000356_1_cnl,184,192
gol_00000000006_solanum_jamesii_helixer_pg1008_ptg0014_000587_1_cnl,184,192
gol_00000000006_solanum_jamesii_helixer_pg1008_ptg0014_000588_1_cnl,183,191
gol_00000000007_solanum_morelliforme_helixer_pg1011_ptg0021_000692_1_cnl,206,214
gol_00000000007_solanum_morelliforme_helixer_pg1011_ptg0021_000987_1_cnl,184,192
gol_00000000008_solanum_pinnatisectum_helixer_pg1013_atg0170_000007_1_cnl,217,225
gol_00000000008_solanum_pinnatisectum_helixer_pg1013_ptg0026_000343_1_cnl,185,193
gol_00000000008_solanum_pinnatisectum_helixer_pg1013_ptg0052_000284_1_cnl,170,178
gol_00000000009_solanum_andreanum_helixer_pg3003_ptg0025_000350_1_cnl,185,193
gol_00000000009_solanum_andreanum_helixer_pg3003_ptg0029_000466_1_cnl,182,190
gol_00000000009_solanum_andreanum_helixer_pg3003_ptg0029_000605_1_cnl,185,193
gol_00000000009_solanum_andreanum_helixer_pg3003_ptg0029_000611_1_cnl,184,192
gol_00000000009_solanum_andreanum_helixer_pg3003_ptg0029_000998_1_cnl,197,205
gol_00000000010_solanum_chomatophilum_helixer_pg3005_atg0024_000063_1_cnl,183,191
gol_00000000010_solanum_chomatophilum_helixer_pg3005_atg0024_000068_1_cnl,184,192
gol_00000000010_solanum_chomatophilum_helixer_pg3005_atg0024_000070_1_cnl,184,192
gol_00000000010_solanum_chomatophilum_helixer_pg3005_atg0024_000077_1_cnl,184,192
gol_00000000010_solanum_chomatophilum_helixer_pg3005_atg0024_000082_1_cnl,184,192
gol_00000000010_solanum_chomatophilum_helixer_pg3005_atg0024_000088_1_cnl,202,210
gol_00000000010_solanum_chomatophilum_helixer_pg3005_atg0312_000010_1_cnl,194,202
gol_00000000010_solanum_chomatophilum_helixer_pg3005_atg0312_000025_1_cnl,194,202
gol_00000000010_solanum_chomatophilum_helixer_pg3005_ptg0002_002067_1_cnl,185,193
gol_00000000010_solanum_chomatophilum_helixer_pg3005_ptg0014_000073_1_cnl,185,193
gol_00000000010_solanum_chomatophilum_helixer_pg3005_ptg0014_000074_1_cnl,184,192
gol_00000000010_solanum_chomatophilum_helixer_pg3005_ptg0014_000077_1_cnl,184,192
gol_00000000010_solanum_chomatophilum_helixer_pg3005_ptg0014_000078_1_cnl,184,192
gol_00000000010_solanum_chomatophilum_helixer_pg3005_ptg0014_001105_1_cnl,192,200
gol_00000000010_solanum_chomatophilum_helixer_pg3005_ptg0075_000365_1_cnl,185,193
gol_00000000011_solanum_paucissectum_helixer_pg3022_ptg0011_000064_1_cnl,183,191
gol_00000000011_solanum_paucissectum_helixer_pg3022_ptg0011_000530_1_cnl,199,207
gol_00000000011_solanum_paucissectum_helixer_pg3022_ptg0022_001751_1_cnl,191,199
gol_00000000012_solanum_piurae_helixer_pg3023_atg0036_000066_1_cnl,200,208
gol_00000000012_solanum_piurae_helixer_pg3023_atg0098_000068_1_nl,161,169
gol_00000000012_solanum_piurae_helixer_pg3023_ptg0068_000077_1_cnl,183,191
gol_00000000012_solanum_piurae_helixer_pg3023_ptg0068_000079_1_cnl,184,192
gol_00000000012_solanum_piurae_helixer_pg3023_ptg0068_000082_1_cnl,184,192
gol_00000000012_solanum_piurae_helixer_pg3023_ptg0068_000512_1_cnl,197,205
gol_00000000012_solanum_piurae_helixer_pg3023_ptg0068_001150_1_cnl,185,193
gol_00000000013_solanum_burkartii_helixer_pg4005_ptg0018_000168_1_cnl,209,217
gol_00000000013_solanum_burkartii_helixer_pg4005_ptg0077_000066_1_cnl,179,187
gol_00000000013_solanum_burkartii_helixer_pg4005_ptg0077_000357_1_cnl,225,233
gol_00000000013_solanum_burkartii_helixer_pg4005_ptg0077_000358_1_cnl,193,201
gol_00000000014_solanum_lignicaule_helixer_pg4017_ptg0008_000576_1_cnl,185,193
gol_00000000014_solanum_lignicaule_helixer_pg4017_ptg0066_000467_1_cnl,193,201
gol_00000000014_solanum_lignicaule_helixer_pg4017_ptg0066_000569_1_cnl,185,193
gol_00000000014_solanum_lignicaule_helixer_pg4017_ptg0066_000708_1_cnl,185,193
gol_00000000014_solanum_lignicaule_helixer_pg4017_ptg0066_000713_1_cnl,184,192
gol_00000000015_solanum_sogarandinum_helixer_pg4032_ptg0015_000955_1_cnl,193,201
gol_00000000015_solanum_sogarandinum_helixer_pg4032_ptg0015_000957_1_cnl,192,200
gol_00000000015_solanum_sogarandinum_helixer_pg4032_ptg0015_000958_1_cnl,193,201
gol_00000000015_solanum_sogarandinum_helixer_pg4032_ptg0030_000017_1_cnl,184,192
gol_00000000016_solanum_vernei_helixer_pg4036_atg0171_000068_1_cnl,184,192
gol_00000000016_solanum_vernei_helixer_pg4036_atg0171_000074_1_cnl,184,192
gol_00000000016_solanum_vernei_helixer_pg4036_atg0171_000076_1_cnl,182,190
gol_00000000016_solanum_vernei_helixer_pg4036_atg0171_000175_1_cnl,184,192
gol_00000000017_solanum_buesii_helixer_pg4041_ptg0007_000069_1_cnl,199,207
gol_00000000017_solanum_buesii_helixer_pg4041_ptg0007_000590_1_cnl,185,193
gol_00000000017_solanum_buesii_helixer_pg4041_ptg0007_000734_1_cnl,184,192
gol_00000000017_solanum_buesii_helixer_pg4041_ptg0007_000742_1_cnl,184,192
gol_00000000017_solanum_buesii_helixer_pg4041_ptg0007_000743_1_cnl,194,202
gol_00000000018_solanum_chacoense_helixer_pg4042_atg0046_000037_1_cnl,186,194
gol_00000000018_solanum_chacoense_helixer_pg4042_hptg0108_000061_1_cnl,204,212
gol_00000000018_solanum_chacoense_helixer_pg4042_hptg0108_000064_1_cnl,193,201
gol_00000000018_solanum_chacoense_helixer_pg4042_ptg0035_000361_1_cnl,185,193
gol_00000000018_solanum_chacoense_helixer_pg4042_ptg0040_000112_1_cnl,200,208
gol_00000000018_solanum_chacoense_helixer_pg4042_ptg0040_000599_1_cnl,184,192
gol_00000000018_solanum_chacoense_helixer_pg4042_ptg0040_000601_1_cnl,185,193
gol_00000000018_solanum_chacoense_helixer_pg4042_ptg0040_000746_1_cnl,184,192
gol_00000000018_solanum_chacoense_helixer_pg4042_ptg0040_000748_1_nl,190,198
gol_00000000018_solanum_chacoense_helixer_pg4042_ptg0040_000756_1_cnl,186,194
gol_00000000019_solanum_commersonii_helixer_pg4049_ptg0002_000068_1_cnl,184,192
gol_00000000019_solanum_commersonii_helixer_pg4049_ptg0002_000481_1_cnl,200,208
gol_00000000019_solanum_commersonii_helixer_pg4049_ptg0002_003000_1_cnl,185,193
gol_00000000020_solanum_multiinterruptum_helixer_pg4060_atg0248_000051_1_nl,169,177
gol_00000000020_solanum_multiinterruptum_helixer_pg4060_atg0320_000063_1_cnl,184,192
gol_00000000020_solanum_multiinterruptum_helixer_pg4060_atg0320_000067_1_cnl,184,192
gol_00000000020_solanum_multiinterruptum_helixer_pg4060_atg0320_000069_1_cnl,184,192
gol_00000000020_solanum_multiinterruptum_helixer_pg4060_atg0320_000071_1_cnl,184,192
gol_00000000020_solanum_multiinterruptum_helixer_pg4060_atg0320_000074_1_cnl,185,193
gol_00000000020_solanum_multiinterruptum_helixer_pg4060_atg0320_000218_1_cnl,184,192
gol_00000000020_solanum_multiinterruptum_helixer_pg4060_ptg0007_000444_1_cnl,177,185
gol_00000000020_solanum_multiinterruptum_helixer_pg4060_ptg0007_000746_1_cnl,184,192
gol_00000000021_solanum_candolleanum_helixer_pg5003_atg1221_000003_1_cnl,185,193
gol_00000000022_solanum_candolleanum_helixer_pg5018_atg0240_000011_1_cnl,184,192
gol_00000000022_solanum_candolleanum_helixer_pg5018_hptg0214_000078_1_cnl,197,205
gol_00000000022_solanum_candolleanum_helixer_pg5018_ptg0001_000413_1_cnl,179,187
gol_00000000022_solanum_candolleanum_helixer_pg5018_ptg0001_000415_1_cnl,160,168
gol_00000000023_solanum_brevicaule_helixer_pg5032_atg0923_000017_1_cnl,184,192
gol_00000000023_solanum_brevicaule_helixer_pg5032_atg0998_000003_1_cnl,184,192
gol_00000000023_solanum_brevicaule_helixer_pg5032_atg0998_000004_1_cnl,181,189
gol_00000000023_solanum_brevicaule_helixer_pg5032_ptg0066_000505_1_cnl,200,208
gol_00000000024_solanum_candolleanum_helixer_pg5062_atg0164_000012_1_nl,182,190
gol_00000000024_solanum_candolleanum_helixer_pg5062_atg0164_000013_1_cnl,201,209
gol_00000000024_solanum_candolleanum_helixer_pg5062_ptg0010_000717_1_cnl,180,188
gol_00000000024_solanum_candolleanum_helixer_pg5062_ptg0031_000381_1_cnl,188,196
gol_00000000025_solanum_candolleanum_helixer_pg5068_chr04_000162_1_cnl,188,196
gol_00000000025_solanum_candolleanum_helixer_pg5068_chr04_003339_1_cnl,184,192
gol_00000000025_solanum_candolleanum_helixer_pg5068_chr04_003346_1_cnl,184,192
gol_00000000025_solanum_candolleanum_helixer_pg5068_hptg0100_000016_1_cnl,193,201
gol_00000000026_solanum_boliviense_helixer_pg5076_atg0076_000077_1_cnl,192,200
gol_00000000026_solanum_boliviense_helixer_pg5076_atg0076_000081_1_cnl,193,201
gol_00000000026_solanum_boliviense_helixer_pg5076_atg0076_000160_1_cnl,193,201
gol_00000000026_solanum_boliviense_helixer_pg5076_atg0076_000162_1_cnl,160,168
gol_00000000026_solanum_boliviense_helixer_pg5076_ptg0001_000668_1_cnl,186,194
gol_00000000026_solanum_boliviense_helixer_pg5076_ptg0001_000823_1_cnl,184,192
gol_00000000026_solanum_boliviense_helixer_pg5076_ptg0001_001246_1_cnl,199,207
gol_00000000027_solanum_tuberosum_helixer_pg6002_ptg0036_000357_1_cnl,184,192
gol_00000000027_solanum_tuberosum_helixer_pg6002_ptg0058_000535_1_cnl,186,194
gol_00000000027_solanum_tuberosum_helixer_pg6002_ptg0058_000543_1_cnl,184,192
gol_00000000027_solanum_tuberosum_helixer_pg6002_ptg0058_000545_1_cnl,184,192
gol_00000000027_solanum_tuberosum_helixer_pg6002_ptg0106_000072_1_cnl,164,172
gol_00000000027_solanum_tuberosum_helixer_pg6002_ptg0106_000082_1_cnl,184,192
gol_00000000029_solanum_tuberosum_helixer_pg6055_ptg0028_001151_1_cnl,192,200
gol_00000000031_solanum_tuberosum_helixer_pg6090_atg0297_000071_1_cnl,184,192
gol_00000000031_solanum_tuberosum_helixer_pg6090_atg0297_000076_1_cnl,184,192
gol_00000000031_solanum_tuberosum_helixer_pg6090_atg0411_000016_1_cnl,192,200
gol_00000000031_solanum_tuberosum_helixer_pg6090_ptg0023_001087_1_cnl,184,192
gol_00000000032_solanum_tuberosum_helixer_pg6148_ptg0012_000593_1_cnl,184,192
gol_00000000035_solanum_tuberosum_helixer_pg6216_ptg0026_000708_1_cnl,184,192
gol_00000000038_solanum_cajamarquense_helixer_pg6242_atg0064_000001_1_cnl,186,194
gol_00000000038_solanum_cajamarquense_helixer_pg6242_atg0303_000002_1_cnl,185,193
gol_00000000038_solanum_cajamarquense_helixer_pg6242_atg0303_000005_1_cnl,183,191
gol_00000000038_solanum_cajamarquense_helixer_pg6242_ptg0002_000061_1_cnl,184,192
gol_00000000038_solanum_cajamarquense_helixer_pg6242_ptg0002_000063_1_cnl,184,192
gol_00000000038_solanum_cajamarquense_helixer_pg6242_ptg0002_000472_1_cnl,196,204
gol_00000000038_solanum_cajamarquense_helixer_pg6242_ptg0002_000756_1_cnl,196,204
gol_00000000038_solanum_cajamarquense_helixer_pg6242_ptg0015_000438_1_cnl,185,193
gol_00000000039_solanum_neorossii_helixer_pg6243_atg0113_000164_1_cnl,193,201
gol_00000000039_solanum_neorossii_helixer_pg6243_atg0345_000009_1_cnl,184,192
gol_00000000039_solanum_neorossii_helixer_pg6243_ptg0004_000177_1_cnl,184,192
gol_00000000039_solanum_neorossii_helixer_pg6243_ptg0008_000157_1_cnl,184,192
gol_00000000039_solanum_neorossii_helixer_pg6243_ptg0008_000171_1_cnl,159,167
gol_00000000039_solanum_neorossii_helixer_pg6243_ptg0008_000345_1_cnl,164,172
gol_00000000042_solanum_tuberosum_helixer_pg6246_ptg0051_000507_1_cnl,197,205
gol_00000000043_solanum_tuberosum_helixer_pg6247_ptg0023_000078_1_cnl,184,192
gol_00000000043_solanum_tuberosum_helixer_pg6247_ptg0023_001235_1_cnl,171,179
gol_00000000044_solanum_tuberosum_helixer_pg6359_chr04_000093_1_cnl,215,223
gon_00000000001_nicotiana_benthamiana_helixer_nbe_v1_1_chr05_001178_1_cnl,193,201
gon_00000000001_nicotiana_benthamiana_helixer_nbe_v1_1_chr06_001979_1_cnl,179,187
gon_00000000002_nicotiana_benthamiana_helixer_nbqld183c00_001577_1_cnl,186,194
gon_00000000002_nicotiana_benthamiana_helixer_nbqld183c08_000808_1_cnl,161,169
gon_00000000002_nicotiana_benthamiana_helixer_nbqld183c16_002655_1_cnl,184,192
gos_00000000001_capsicum_annuum_helixer_chr00_007145_1_cnl,184,192
gos_00000000001_capsicum_annuum_helixer_chr03_003443_1_cnl,209,217
gos_00000000001_capsicum_annuum_helixer_chr08_001856_1_cnl,184,192
gos_00000000001_capsicum_annuum_helixer_chr11_001728_1_cnl,184,192
gos_00000000002_solanum_melongena_helixer_4_000222_1_cnl,184,192
goz_00000000001_solanum_pimpinellifolium_helixer_3_000032_1_cnl,183,191
goz_00000000001_solanum_pimpinellifolium_helixer_4_000064_1_cnl,185,193
goz_00000000002_solanum_lycopersicum_helixer_4_000130_1_cnl,187,195
goz_00000000014_solanum_lycopersicum_helixer_4_002486_1_cnl,194,202
gwhcaww00000000_solanum_melongena_helixer_gwhcaww00000001_000471_1_cnl,185,193
gwhcaww00000000_solanum_melongena_helixer_gwhcaww00000001_000475_1_cnl,186,194
gwhcaww00000000_solanum_melongena_helixer_gwhcaww00000001_002219_1_cnl,184,192
