ID,start,end,ID_normalized
GOA_00000000002_Solanum_tuberosum_Helixer_chr04_hap13_v2_003284.1_CNL,137,494,goa_00000000002_solanum_tuberosum_helixer_chr04_hap13_v2_003284_1_cnl
GOA_00000000002_Solanum_tuberosum_Helixer_chr04_hap13_v2_000064.1_CNL,141,494,goa_00000000002_solanum_tuberosum_helixer_chr04_hap13_v2_000064_1_cnl
GOA_00000000002_Solanum_tuberosum_Helixer_chr04_hap13_v2_003135.1_CNL,145,504,goa_00000000002_solanum_tuberosum_helixer_chr04_hap13_v2_003135_1_cnl
GOA_00000000002_Solanum_tuberosum_Helixer_chr04_hap13_v2_002870.1_CNL,155,515,goa_00000000002_solanum_tuberosum_helixer_chr04_hap13_v2_002870_1_cnl
GOA_00000000002_Solanum_tuberosum_Helixer_chr04_hap13_v2_000492.1_CNL,157,517,goa_00000000002_solanum_tuberosum_helixer_chr04_hap13_v2_000492_1_cnl
GOA_00000000002_Solanum_tuberosum_Helixer_chr10_hap37_v2_000178.1_CNL,142,475,goa_00000000002_solanum_tuberosum_helixer_chr10_hap37_v2_000178_1_cnl
GOA_00000000002_Solanum_tuberosum_Helixer_chr10_hap37_v2_002022.1_CNL,140,496,goa_00000000002_solanum_tuberosum_helixer_chr10_hap37_v2_002022_1_cnl
GOA_00000000003_Solanum_tuberosum_Helixer_chr01_hap2_v2_001395.1_CNL,138,497,goa_00000000003_solanum_tuberosum_helixer_chr01_hap2_v2_001395_1_cnl
GOA_00000000003_Solanum_tuberosum_Helixer_chr04_hap14_v2_000062.1_CNL,135,474,goa_00000000003_solanum_tuberosum_helixer_chr04_hap14_v2_000062_1_cnl
GOA_00000000003_Solanum_tuberosum_Helixer_chr04_hap14_v2_000064.1_CNL,143,494,goa_00000000003_solanum_tuberosum_helixer_chr04_hap14_v2_000064_1_cnl
GOA_00000000006_Solanum_tuberosum_Helixer_chr04_hap14_v2_000051.1_CNL,140,493,goa_00000000006_solanum_tuberosum_helixer_chr04_hap14_v2_000051_1_cnl
GOA_00000000006_Solanum_tuberosum_Helixer_chr04_hap14_v2_000053.1_CNL,137,493,goa_00000000006_solanum_tuberosum_helixer_chr04_hap14_v2_000053_1_cnl
GOA_00000000008_Solanum_tuberosum_Helixer_chr04_hap16_v2_003054.1_CNL,142,493,goa_00000000008_solanum_tuberosum_helixer_chr04_hap16_v2_003054_1_cnl
GOA_00000000008_Solanum_tuberosum_Helixer_chr04_hap16_v2_000060.1_CNL,142,490,goa_00000000008_solanum_tuberosum_helixer_chr04_hap16_v2_000060_1_cnl
GOZ_00000000001_Solanum_pimpinellifolium_Helixer_3_000032.1_CNL,134,490,goz_00000000001_solanum_pimpinellifolium_helixer_3_000032_1_cnl
GOZ_00000000001_Solanum_pimpinellifolium_Helixer_4_000064.1_CNL,142,489,goz_00000000001_solanum_pimpinellifolium_helixer_4_000064_1_cnl
GOZ_00000000002_Solanum_lycopersicum_Helixer_4_000130.1_CNL,148,497,goz_00000000002_solanum_lycopersicum_helixer_4_000130_1_cnl
GOS_00000000001_Capsicum_annuum_Helixer_Chr03_003443.1_CNL,166,522,gos_00000000001_capsicum_annuum_helixer_chr03_003443_1_cnl
GOS_00000000001_Capsicum_annuum_Helixer_Chr08_001856.1_CNL,136,496,gos_00000000001_capsicum_annuum_helixer_chr08_001856_1_cnl
GOS_00000000001_Capsicum_annuum_Helixer_Chr11_001728.1_CNL,138,492,gos_00000000001_capsicum_annuum_helixer_chr11_001728_1_cnl
GOS_00000000001_Capsicum_annuum_Helixer_Chr00_007145.1_CNL,138,494,gos_00000000001_capsicum_annuum_helixer_chr00_007145_1_cnl
GOL_00000000003_Solanum_tuberosum_Helixer_E86-69_chr01_001162.1_CNL,148,497,gol_00000000003_solanum_tuberosum_helixer_e86_69_chr01_001162_1_cnl
GOL_00000000003_Solanum_tuberosum_Helixer_E86-69_chr01_001163.1_CNL,138,495,gol_00000000003_solanum_tuberosum_helixer_e86_69_chr01_001163_1_cnl
GOL_00000000003_Solanum_tuberosum_Helixer_E86-69_chr04_002874.1_CNL,155,477,gol_00000000003_solanum_tuberosum_helixer_e86_69_chr04_002874_1_cnl
GOL_00000000003_Solanum_tuberosum_Helixer_E86-69_hptg0064_000186.1_CNL,139,493,gol_00000000003_solanum_tuberosum_helixer_e86_69_hptg0064_000186_1_cnl
GOL_00000000003_Solanum_tuberosum_Helixer_E86-69_hptg0064_000060.1_CNL,146,478,gol_00000000003_solanum_tuberosum_helixer_e86_69_hptg0064_000060_1_cnl
GOL_00000000003_Solanum_tuberosum_Helixer_E86-69_hptg0064_000064.1_CNL,136,494,gol_00000000003_solanum_tuberosum_helixer_e86_69_hptg0064_000064_1_cnl
GOL_00000000003_Solanum_tuberosum_Helixer_E86-69_hptg0064_000068.1_CNL,137,489,gol_00000000003_solanum_tuberosum_helixer_e86_69_hptg0064_000068_1_cnl
GOC_00000000003_Solanum_tuberosum_Helixer_E8669_H1_chr4_1_000059.1_CNL,143,493,goc_00000000003_solanum_tuberosum_helixer_e8669_h1_chr4_1_000059_1_cnl
GOC_00000000004_Solanum_tuberosum_Helixer_E8669_H2_chr4_2_003137.1_CNL,144,472,goc_00000000004_solanum_tuberosum_helixer_e8669_h2_chr4_2_003137_1_cnl
GOA_00000000009_Solanum_tuberosum_Helixer_chr04_hap13_v2_000061.1_CNL,141,493,goa_00000000009_solanum_tuberosum_helixer_chr04_hap13_v2_000061_1_cnl
GOA_00000000009_Solanum_tuberosum_Helixer_chr04_hap13_v2_000062.1_CNL,136,494,goa_00000000009_solanum_tuberosum_helixer_chr04_hap13_v2_000062_1_cnl
GOA_00000000009_Solanum_tuberosum_Helixer_chr04_hap13_v2_000064.1_CNL,141,495,goa_00000000009_solanum_tuberosum_helixer_chr04_hap13_v2_000064_1_cnl
GOA_00000000012_Solanum_tuberosum_Helixer_chr04_hap16_v2_003144.1_CNL,137,488,goa_00000000012_solanum_tuberosum_helixer_chr04_hap16_v2_003144_1_cnl
GOA_00000000012_Solanum_tuberosum_Helixer_chr04_hap16_v2_000070.1_CNL,148,491,goa_00000000012_solanum_tuberosum_helixer_chr04_hap16_v2_000070_1_cnl
GOA_00000000012_Solanum_tuberosum_Helixer_chr04_hap16_v2_000086.1_CNL,141,494,goa_00000000012_solanum_tuberosum_helixer_chr04_hap16_v2_000086_1_cnl
GOA_00000000012_Solanum_tuberosum_Helixer_chr04_hap16_v2_000092.1_CNL,139,492,goa_00000000012_solanum_tuberosum_helixer_chr04_hap16_v2_000092_1_cnl
GOA_00000000012_Solanum_tuberosum_Helixer_chr04_hap16_v2_002670.1_CNL,157,490,goa_00000000012_solanum_tuberosum_helixer_chr04_hap16_v2_002670_1_cnl
GOS_00000000002_Solanum_melongena_Helixer_4_000222.1_CNL,138,495,gos_00000000002_solanum_melongena_helixer_4_000222_1_cnl
GOA_00000000013_Solanum_tuberosum_Helixer_chr04_hap13_v2_000503.1_CNL,183,544,goa_00000000013_solanum_tuberosum_helixer_chr04_hap13_v2_000503_1_cnl
GOA_00000000014_Solanum_tuberosum_Helixer_chr04_hap14_v2_000069.1_CNL,132,477,goa_00000000014_solanum_tuberosum_helixer_chr04_hap14_v2_000069_1_cnl
GOA_00000000014_Solanum_tuberosum_Helixer_chr04_hap14_v2_000070.1_CNL,137,451,goa_00000000014_solanum_tuberosum_helixer_chr04_hap14_v2_000070_1_cnl
GOA_00000000019_Solanum_tuberosum_Helixer_chr04_hap15_v2_003072.1_CNL,144,494,goa_00000000019_solanum_tuberosum_helixer_chr04_hap15_v2_003072_1_cnl
GCA_000390325.3_Nicotiana_tomentosiformis_Helixer_CM066016.1_002217.1_CNL,153,512,gca_000390325_3_nicotiana_tomentosiformis_helixer_cm066016_1_002217_1_cnl
GCA_000390325.3_Nicotiana_tomentosiformis_Helixer_CM066018.1_002162.1_NL,194,544,gca_000390325_3_nicotiana_tomentosiformis_helixer_cm066018_1_002162_1_nl
GCA_000390325.3_Nicotiana_tomentosiformis_Helixer_CM066018.1_000264.1_CNL,140,498,gca_000390325_3_nicotiana_tomentosiformis_helixer_cm066018_1_000264_1_cnl
GCA_000390325.3_Nicotiana_tomentosiformis_Helixer_CM066018.1_000265.1_CNL,167,524,gca_000390325_3_nicotiana_tomentosiformis_helixer_cm066018_1_000265_1_cnl
GCA_000390325.3_Nicotiana_tomentosiformis_Helixer_CM066018.1_000266.1_CNL,156,508,gca_000390325_3_nicotiana_tomentosiformis_helixer_cm066018_1_000266_1_cnl
GCA_000390325.3_Nicotiana_tomentosiformis_Helixer_CM066018.1_002041.1_CNL,140,493,gca_000390325_3_nicotiana_tomentosiformis_helixer_cm066018_1_002041_1_cnl
GCA_000390325.3_Nicotiana_tomentosiformis_Helixer_CM066018.1_002039.1_CNL,138,499,gca_000390325_3_nicotiana_tomentosiformis_helixer_cm066018_1_002039_1_cnl
GCA_000390325.3_Nicotiana_tomentosiformis_Helixer_CM066018.1_000387.1_CNL,143,500,gca_000390325_3_nicotiana_tomentosiformis_helixer_cm066018_1_000387_1_cnl
GCA_000390325.3_Nicotiana_tomentosiformis_Helixer_CM066023.1_001754.1_CNL,148,495,gca_000390325_3_nicotiana_tomentosiformis_helixer_cm066023_1_001754_1_cnl
GCA_000390325.3_Nicotiana_tomentosiformis_Helixer_CM066023.1_000789.1_CNL,139,490,gca_000390325_3_nicotiana_tomentosiformis_helixer_cm066023_1_000789_1_cnl
GCA_000390325.3_Nicotiana_tomentosiformis_Helixer_CM066024.1_000570.1_CNL,133,494,gca_000390325_3_nicotiana_tomentosiformis_helixer_cm066024_1_000570_1_cnl
GCA_000390325.3_Nicotiana_tomentosiformis_Helixer_CM066024.1_000785.1_CNL,137,496,gca_000390325_3_nicotiana_tomentosiformis_helixer_cm066024_1_000785_1_cnl
GCA_000390325.3_Nicotiana_tomentosiformis_Helixer_CM066025.1_000248.1_CNL,140,493,gca_000390325_3_nicotiana_tomentosiformis_helixer_cm066025_1_000248_1_cnl
GCA_000390325.3_Nicotiana_tomentosiformis_Helixer_CM066025.1_001513.1_CNL,148,499,gca_000390325_3_nicotiana_tomentosiformis_helixer_cm066025_1_001513_1_cnl
GCA_000393655.2_Nicotiana_sylvestris_Helixer_CM066003.1_000036.1_CNL,142,494,gca_000393655_2_nicotiana_sylvestris_helixer_cm066003_1_000036_1_cnl
GCA_000393655.2_Nicotiana_sylvestris_Helixer_CM066003.1_003442.1_CNL,147,499,gca_000393655_2_nicotiana_sylvestris_helixer_cm066003_1_003442_1_cnl
GCA_000393655.2_Nicotiana_sylvestris_Helixer_CM066006.1_000073.1_CNL,153,515,gca_000393655_2_nicotiana_sylvestris_helixer_cm066006_1_000073_1_cnl
GCA_000393655.2_Nicotiana_sylvestris_Helixer_CM066006.1_000251.1_CNL,163,521,gca_000393655_2_nicotiana_sylvestris_helixer_cm066006_1_000251_1_cnl
GCA_000393655.2_Nicotiana_sylvestris_Helixer_CM066006.1_002200.1_CNL,140,493,gca_000393655_2_nicotiana_sylvestris_helixer_cm066006_1_002200_1_cnl
GCA_000393655.2_Nicotiana_sylvestris_Helixer_CM066006.1_002199.1_CNL,148,506,gca_000393655_2_nicotiana_sylvestris_helixer_cm066006_1_002199_1_cnl
GCA_000393655.2_Nicotiana_sylvestris_Helixer_CM066011.1_001218.1_CNL,134,492,gca_000393655_2_nicotiana_sylvestris_helixer_cm066011_1_001218_1_cnl
GCA_000393655.2_Nicotiana_sylvestris_Helixer_CM066011.1_001101.1_CNL,139,490,gca_000393655_2_nicotiana_sylvestris_helixer_cm066011_1_001101_1_cnl
GCA_000393655.2_Nicotiana_sylvestris_Helixer_CM066012.1_001097.1_CNL,139,494,gca_000393655_2_nicotiana_sylvestris_helixer_cm066012_1_001097_1_cnl
GCA_000393655.2_Nicotiana_sylvestris_Helixer_CM066012.1_001294.1_NL,146,506,gca_000393655_2_nicotiana_sylvestris_helixer_cm066012_1_001294_1_nl
GCA_000512255.2_Capsicum_annuum_Helixer_CM008455.1_007321.1_CNL,140,495,gca_000512255_2_capsicum_annuum_helixer_cm008455_1_007321_1_cnl
GCA_000512255.2_Capsicum_annuum_Helixer_CM008465.1_000194.1_CNL,143,495,gca_000512255_2_capsicum_annuum_helixer_cm008465_1_000194_1_cnl
GCA_000710875.1_Capsicum_annuum_Helixer_CM002822.1_001604.1_CNL,139,494,gca_000710875_1_capsicum_annuum_helixer_cm002822_1_001604_1_cnl
GCA_000715075.2_Nicotiana_tabacum_Helixer_CM065990.1_001290.1_CNL,196,555,gca_000715075_2_nicotiana_tabacum_helixer_cm065990_1_001290_1_cnl
GCA_000715075.2_Nicotiana_tabacum_Helixer_CM065992.1_001686.1_CNL,148,495,gca_000715075_2_nicotiana_tabacum_helixer_cm065992_1_001686_1_cnl
GCA_000715075.2_Nicotiana_tabacum_Helixer_CM065992.1_000876.1_CNL,132,490,gca_000715075_2_nicotiana_tabacum_helixer_cm065992_1_000876_1_cnl
GCA_000715075.2_Nicotiana_tabacum_Helixer_CM065994.1_001619.1_CNL,162,514,gca_000715075_2_nicotiana_tabacum_helixer_cm065994_1_001619_1_cnl
GCA_000715075.2_Nicotiana_tabacum_Helixer_CM065994.1_001477.1_CNL,159,508,gca_000715075_2_nicotiana_tabacum_helixer_cm065994_1_001477_1_cnl
GCA_000715075.2_Nicotiana_tabacum_Helixer_CM066002.1_000115.1_CNL,137,496,gca_000715075_2_nicotiana_tabacum_helixer_cm066002_1_000115_1_cnl
GCA_000715095.1_Nicotiana_tabacum_Helixer_AWOK01S169090.1_000001.1_CNL,140,493,gca_000715095_1_nicotiana_tabacum_helixer_awok01s169090_1_000001_1_cnl
GCA_000715095.1_Nicotiana_tabacum_Helixer_AWOK01S249544.1_000003.1_CNL,134,460,gca_000715095_1_nicotiana_tabacum_helixer_awok01s249544_1_000003_1_cnl
GCA_000715095.1_Nicotiana_tabacum_Helixer_AWOK01S643190.1_000001.1_CNL,135,489,gca_000715095_1_nicotiana_tabacum_helixer_awok01s643190_1_000001_1_cnl
GCA_002210045.1_Nicotiana_tabacum_Helixer_NCAA01001196.1_000005.1_CNL,152,460,gca_002210045_1_nicotiana_tabacum_helixer_ncaa01001196_1_000005_1_cnl
GCA_002271885.2_Capsicum_baccatum_Helixer_CM008443.1_003514.1_CNL,145,494,gca_002271885_2_capsicum_baccatum_helixer_cm008443_1_003514_1_cnl
GCA_002271885.2_Capsicum_baccatum_Helixer_CM008453.1_000030.1_CNL,137,492,gca_002271885_2_capsicum_baccatum_helixer_cm008453_1_000030_1_cnl
GCA_002271885.2_Capsicum_baccatum_Helixer_MLFT02000082.1_000049.1_CNL,137,491,gca_002271885_2_capsicum_baccatum_helixer_mlft02000082_1_000049_1_cnl
GCA_003996215.1_Jaltomata_sinuosa_Helixer_QJPP01000008.1_000133.1_CNL,140,494,gca_003996215_1_jaltomata_sinuosa_helixer_qjpp01000008_1_000133_1_cnl
GCA_003996215.1_Jaltomata_sinuosa_Helixer_QJPP01000491.1_000001.1_CNL,139,496,gca_003996215_1_jaltomata_sinuosa_helixer_qjpp01000491_1_000001_1_cnl
GCA_003996215.1_Jaltomata_sinuosa_Helixer_QJPP01000504.1_000063.1_CNL,148,506,gca_003996215_1_jaltomata_sinuosa_helixer_qjpp01000504_1_000063_1_cnl
GCA_003996215.1_Jaltomata_sinuosa_Helixer_QJPP01000504.1_000061.1_CNL,135,490,gca_003996215_1_jaltomata_sinuosa_helixer_qjpp01000504_1_000061_1_cnl
GCA_003996215.1_Jaltomata_sinuosa_Helixer_QJPP01001184.1_000001.1_CNL,144,493,gca_003996215_1_jaltomata_sinuosa_helixer_qjpp01001184_1_000001_1_cnl
GCA_003996215.1_Jaltomata_sinuosa_Helixer_QJPP01001184.1_000003.1_CNL,147,486,gca_003996215_1_jaltomata_sinuosa_helixer_qjpp01001184_1_000003_1_cnl
GCA_003996215.1_Jaltomata_sinuosa_Helixer_QJPP01001467.1_000026.1_CNL,146,500,gca_003996215_1_jaltomata_sinuosa_helixer_qjpp01001467_1_000026_1_cnl
GCA_003996215.1_Jaltomata_sinuosa_Helixer_QJPP01001675.1_000011.1_CNL,139,493,gca_003996215_1_jaltomata_sinuosa_helixer_qjpp01001675_1_000011_1_cnl
GCA_003996215.1_Jaltomata_sinuosa_Helixer_QJPP01001763.1_000005.1_CNL,158,517,gca_003996215_1_jaltomata_sinuosa_helixer_qjpp01001763_1_000005_1_cnl
GCA_003996215.1_Jaltomata_sinuosa_Helixer_QJPP01002678.1_000022.1_CNL,141,493,gca_003996215_1_jaltomata_sinuosa_helixer_qjpp01002678_1_000022_1_cnl
GCA_003996215.1_Jaltomata_sinuosa_Helixer_QJPP01004458.1_000001.1_CNL,214,573,gca_003996215_1_jaltomata_sinuosa_helixer_qjpp01004458_1_000001_1_cnl
GCA_003996215.1_Jaltomata_sinuosa_Helixer_QJPP01005693.1_000001.1_CNL,144,495,gca_003996215_1_jaltomata_sinuosa_helixer_qjpp01005693_1_000001_1_cnl
GCA_003996215.1_Jaltomata_sinuosa_Helixer_QJPP01007198.1_000029.1_CNL,139,495,gca_003996215_1_jaltomata_sinuosa_helixer_qjpp01007198_1_000029_1_cnl
GCA_003996215.1_Jaltomata_sinuosa_Helixer_QJPP01007209.1_000045.1_CNL,135,491,gca_003996215_1_jaltomata_sinuosa_helixer_qjpp01007209_1_000045_1_cnl
GCA_003996215.1_Jaltomata_sinuosa_Helixer_QJPP01007518.1_000113.1_CNL,142,492,gca_003996215_1_jaltomata_sinuosa_helixer_qjpp01007518_1_000113_1_cnl
GCA_009827155.1_Solanum_tuberosum_Helixer_CP046688.1_001379.1_CNL,147,497,gca_009827155_1_solanum_tuberosum_helixer_cp046688_1_001379_1_cnl
GCA_009827155.1_Solanum_tuberosum_Helixer_CP046685.1_000054.1_CNL,141,488,gca_009827155_1_solanum_tuberosum_helixer_cp046685_1_000054_1_cnl
GCA_009827155.1_Solanum_tuberosum_Helixer_CP046685.1_000059.1_CNL,142,485,gca_009827155_1_solanum_tuberosum_helixer_cp046685_1_000059_1_cnl
GCA_009827155.1_Solanum_tuberosum_Helixer_CP046685.1_000069.1_CNL,140,471,gca_009827155_1_solanum_tuberosum_helixer_cp046685_1_000069_1_cnl
GCA_009827155.1_Solanum_tuberosum_Helixer_CP046685.1_000493.1_CNL,156,507,gca_009827155_1_solanum_tuberosum_helixer_cp046685_1_000493_1_cnl
GCA_009827155.1_Solanum_tuberosum_Helixer_CP046683.1_000196.1_CNL,138,487,gca_009827155_1_solanum_tuberosum_helixer_cp046683_1_000196_1_cnl
GCA_009827175.1_Solanum_tuberosum_Helixer_CP046702.1_001380.1_CNL,140,495,gca_009827175_1_solanum_tuberosum_helixer_cp046702_1_001380_1_cnl
GCA_009827175.1_Solanum_tuberosum_Helixer_CP046699.1_000053.1_CNL,148,480,gca_009827175_1_solanum_tuberosum_helixer_cp046699_1_000053_1_cnl
GCA_009827175.1_Solanum_tuberosum_Helixer_CP046699.1_003588.1_CNL,140,488,gca_009827175_1_solanum_tuberosum_helixer_cp046699_1_003588_1_cnl
GCA_009827175.1_Solanum_tuberosum_Helixer_CP046699.1_000059.1_CNL,142,475,gca_009827175_1_solanum_tuberosum_helixer_cp046699_1_000059_1_cnl
GCA_009827175.1_Solanum_tuberosum_Helixer_CP046699.1_000134.1_CNL,148,499,gca_009827175_1_solanum_tuberosum_helixer_cp046699_1_000134_1_cnl
GCA_009827175.1_Solanum_tuberosum_Helixer_CP046699.1_000501.1_CNL,156,507,gca_009827175_1_solanum_tuberosum_helixer_cp046699_1_000501_1_cnl
GCA_009887355.1_Solanum_pinnatisectum_Helixer_CP047567.1_001249.1_CNL,139,495,gca_009887355_1_solanum_pinnatisectum_helixer_cp047567_1_001249_1_cnl
GCA_009887355.1_Solanum_pinnatisectum_Helixer_CP047561.1_000049.1_CNL,139,488,gca_009887355_1_solanum_pinnatisectum_helixer_cp047561_1_000049_1_cnl
GCA_009887355.1_Solanum_pinnatisectum_Helixer_CP047561.1_003298.1_CNL,138,487,gca_009887355_1_solanum_pinnatisectum_helixer_cp047561_1_003298_1_cnl
GCA_010127505.1_Solanum_tuberosum_Helixer_CM020972.1_003547.1_CNL,141,495,gca_010127505_1_solanum_tuberosum_helixer_cm020972_1_003547_1_cnl
GCA_010127505.1_Solanum_tuberosum_Helixer_CM020972.1_000061.1_CNL,142,494,gca_010127505_1_solanum_tuberosum_helixer_cm020972_1_000061_1_cnl
GCA_010127505.1_Solanum_tuberosum_Helixer_CM020972.1_000507.1_NL,124,471,gca_010127505_1_solanum_tuberosum_helixer_cm020972_1_000507_1_nl
GCA_010127505.1_Solanum_tuberosum_Helixer_CM020976.1_000169.1_CNL,138,485,gca_010127505_1_solanum_tuberosum_helixer_cm020976_1_000169_1_cnl
GCA_011745865.1_Capsicum_annuum_Helixer_VYZZ01001315.1_000001.1_CNL,139,494,gca_011745865_1_capsicum_annuum_helixer_vyzz01001315_1_000001_1_cnl
GCA_014182985.2_Solanum_tuberosum_Helixer_CM024426.2_000063.1_CNL,137,494,gca_014182985_2_solanum_tuberosum_helixer_cm024426_2_000063_1_cnl
GCA_014182985.2_Solanum_tuberosum_Helixer_CM024426.2_000067.1_CNL,142,454,gca_014182985_2_solanum_tuberosum_helixer_cm024426_2_000067_1_cnl
GCA_014182985.2_Solanum_tuberosum_Helixer_CM024426.2_003175.1_CNL,143,489,gca_014182985_2_solanum_tuberosum_helixer_cm024426_2_003175_1_cnl
GCA_015076265.1_Solanum_tuberosum_Helixer_CP055237.1_003298.1_CNL,141,494,gca_015076265_1_solanum_tuberosum_helixer_cp055237_1_003298_1_cnl
GCA_015076265.1_Solanum_tuberosum_Helixer_CP055237.1_000068.1_CNL,146,483,gca_015076265_1_solanum_tuberosum_helixer_cp055237_1_000068_1_cnl
GCA_015076265.1_Solanum_tuberosum_Helixer_CP055237.1_000076.1_CNL,137,494,gca_015076265_1_solanum_tuberosum_helixer_cp055237_1_000076_1_cnl
GCA_015076265.1_Solanum_tuberosum_Helixer_CP055237.1_000078.1_CNL,142,493,gca_015076265_1_solanum_tuberosum_helixer_cp055237_1_000078_1_cnl
GCA_015076265.1_Solanum_tuberosum_Helixer_CP055237.1_000084.1_CNL,145,490,gca_015076265_1_solanum_tuberosum_helixer_cp055237_1_000084_1_cnl
GCA_015076265.1_Solanum_tuberosum_Helixer_CP055237.1_000097.1_CNL,140,489,gca_015076265_1_solanum_tuberosum_helixer_cp055237_1_000097_1_cnl
GCA_015076265.1_Solanum_tuberosum_Helixer_CP055237.1_000217.1_CNL,159,469,gca_015076265_1_solanum_tuberosum_helixer_cp055237_1_000217_1_cnl
GCA_018107945.1_Datura_stramonium_Helixer_JACEIK010000219.1_000008.1_CNL,134,494,gca_018107945_1_datura_stramonium_helixer_jaceik010000219_1_000008_1_cnl
GCA_018107945.1_Datura_stramonium_Helixer_JACEIK010000389.1_000025.1_CNL,132,490,gca_018107945_1_datura_stramonium_helixer_jaceik010000389_1_000025_1_cnl
GCA_018107945.1_Datura_stramonium_Helixer_JACEIK010001001.1_000029.1_CNL,124,481,gca_018107945_1_datura_stramonium_helixer_jaceik010001001_1_000029_1_cnl
GCA_018107945.1_Datura_stramonium_Helixer_JACEIK010001543.1_000008.1_CNL,139,511,gca_018107945_1_datura_stramonium_helixer_jaceik010001543_1_000008_1_cnl
GCA_018107945.1_Datura_stramonium_Helixer_JACEIK010002641.1_000017.1_CNL,136,495,gca_018107945_1_datura_stramonium_helixer_jaceik010002641_1_000017_1_cnl
GCA_018258275.1_Solanum_commersonii_Helixer_CM031108.1_000039.1_CNL,136,477,gca_018258275_1_solanum_commersonii_helixer_cm031108_1_000039_1_cnl
GCA_018258275.1_Solanum_commersonii_Helixer_CM031109.1_003105.1_CNL,138,494,gca_018258275_1_solanum_commersonii_helixer_cm031109_1_003105_1_cnl
GCA_018258275.1_Solanum_commersonii_Helixer_CM031109.1_000476.1_CNL,158,518,gca_018258275_1_solanum_commersonii_helixer_cm031109_1_000476_1_cnl
GCA_018258275.1_Solanum_commersonii_Helixer_CM031110.1_000158.1_CNL,144,477,gca_018258275_1_solanum_commersonii_helixer_cm031110_1_000158_1_cnl
GCA_020169535.1_Solanum_tuberosum_Helixer_CM034991.1_000503.1_CNL,157,517,gca_020169535_1_solanum_tuberosum_helixer_cm034991_1_000503_1_cnl
GCA_020169555.1_Solanum_tuberosum_Helixer_CM035015.1_000055.1_CNL,216,568,gca_020169555_1_solanum_tuberosum_helixer_cm035015_1_000055_1_cnl
GCA_020169555.1_Solanum_tuberosum_Helixer_CM035015.1_000164.1_CNL,143,506,gca_020169555_1_solanum_tuberosum_helixer_cm035015_1_000164_1_cnl
GCA_020169555.1_Solanum_tuberosum_Helixer_CM035015.1_003604.1_CNL,147,473,gca_020169555_1_solanum_tuberosum_helixer_cm035015_1_003604_1_cnl
GCA_020169585.1_Solanum_tuberosum_Helixer_CM034979.1_003533.1_CNL,177,533,gca_020169585_1_solanum_tuberosum_helixer_cm034979_1_003533_1_cnl
GCA_020169585.1_Solanum_tuberosum_Helixer_CM034979.1_000071.1_CNL,145,498,gca_020169585_1_solanum_tuberosum_helixer_cm034979_1_000071_1_cnl
GCA_021292125.1_Capsicum_annuum_Helixer_CM037895.1_003612.1_CNL,140,475,gca_021292125_1_capsicum_annuum_helixer_cm037895_1_003612_1_cnl
GCA_022817965.1_Solanum_lycopersicoides_Helixer_CM040620.1_000049.1_CNL,166,516,gca_022817965_1_solanum_lycopersicoides_helixer_cm040620_1_000049_1_cnl
GCA_022817965.1_Solanum_lycopersicoides_Helixer_CM040621.1_003358.1_CNL,144,505,gca_022817965_1_solanum_lycopersicoides_helixer_cm040621_1_003358_1_cnl
GCA_022817965.1_Solanum_lycopersicoides_Helixer_CM040621.1_000131.1_CNL,138,493,gca_022817965_1_solanum_lycopersicoides_helixer_cm040621_1_000131_1_cnl
GCA_022817965.1_Solanum_lycopersicoides_Helixer_CM040621.1_003318.1_CNL,142,434,gca_022817965_1_solanum_lycopersicoides_helixer_cm040621_1_003318_1_cnl
GCA_022817965.1_Solanum_lycopersicoides_Helixer_CM040621.1_003316.1_CNL,148,458,gca_022817965_1_solanum_lycopersicoides_helixer_cm040621_1_003316_1_cnl
GCA_022817965.1_Solanum_lycopersicoides_Helixer_CM040621.1_003314.1_CNL,145,492,gca_022817965_1_solanum_lycopersicoides_helixer_cm040621_1_003314_1_cnl
GCA_022817965.1_Solanum_lycopersicoides_Helixer_CM040621.1_000132.1_CNL,138,493,gca_022817965_1_solanum_lycopersicoides_helixer_cm040621_1_000132_1_cnl
GCA_022817965.1_Solanum_lycopersicoides_Helixer_CM040621.1_003313.1_CNL,148,496,gca_022817965_1_solanum_lycopersicoides_helixer_cm040621_1_003313_1_cnl
GCA_022817965.1_Solanum_lycopersicoides_Helixer_CM040621.1_000133.1_CNL,133,481,gca_022817965_1_solanum_lycopersicoides_helixer_cm040621_1_000133_1_cnl
GCA_022817965.1_Solanum_lycopersicoides_Helixer_CM040621.1_003001.1_CNL,157,515,gca_022817965_1_solanum_lycopersicoides_helixer_cm040621_1_003001_1_cnl
GCA_022817965.1_Solanum_lycopersicoides_Helixer_CM040621.1_002991.1_CNL,155,499,gca_022817965_1_solanum_lycopersicoides_helixer_cm040621_1_002991_1_cnl
GCA_025758845.1_Solanum_galapagense_Helixer_CM047060.1_000064.1_CNL,154,510,gca_025758845_1_solanum_galapagense_helixer_cm047060_1_000064_1_cnl
GCA_025759605.1_Solanum_pimpinellifolium_Helixer_CM047108.1_000078.1_CNL,148,497,gca_025759605_1_solanum_pimpinellifolium_helixer_cm047108_1_000078_1_cnl
GCA_025759605.1_Solanum_pimpinellifolium_Helixer_CM047108.1_002532.1_CNL,150,419,gca_025759605_1_solanum_pimpinellifolium_helixer_cm047108_1_002532_1_cnl
GCA_026929995.1_Petunia_axillaris_Helixer_CM049419.1_004183.1_CNL,205,560,gca_026929995_1_petunia_axillaris_helixer_cm049419_1_004183_1_cnl
GCA_026929995.1_Petunia_axillaris_Helixer_CM049419.1_004009.1_CNL,141,493,gca_026929995_1_petunia_axillaris_helixer_cm049419_1_004009_1_cnl
GCA_026929995.1_Petunia_axillaris_Helixer_CM049419.1_004008.1_CNL,142,493,gca_026929995_1_petunia_axillaris_helixer_cm049419_1_004008_1_cnl
GCA_026929995.1_Petunia_axillaris_Helixer_CM049419.1_004007.1_CNL,134,494,gca_026929995_1_petunia_axillaris_helixer_cm049419_1_004007_1_cnl
GCA_026929995.1_Petunia_axillaris_Helixer_CM049419.1_004000.1_CNL,135,495,gca_026929995_1_petunia_axillaris_helixer_cm049419_1_004000_1_cnl
GCA_026929995.1_Petunia_axillaris_Helixer_CM049419.1_003999.1_CNL,139,493,gca_026929995_1_petunia_axillaris_helixer_cm049419_1_003999_1_cnl
GCA_026929995.1_Petunia_axillaris_Helixer_CM049419.1_003998.1_CNL,146,493,gca_026929995_1_petunia_axillaris_helixer_cm049419_1_003998_1_cnl
GCA_026929995.1_Petunia_axillaris_Helixer_CM049419.1_002979.1_CNL,144,499,gca_026929995_1_petunia_axillaris_helixer_cm049419_1_002979_1_cnl
GCA_026929995.1_Petunia_axillaris_Helixer_CM049419.1_003722.1_CNL,148,503,gca_026929995_1_petunia_axillaris_helixer_cm049419_1_003722_1_cnl
GCA_026929995.1_Petunia_axillaris_Helixer_CM049419.1_003719.1_CNL,149,504,gca_026929995_1_petunia_axillaris_helixer_cm049419_1_003719_1_cnl
GCA_026929995.1_Petunia_axillaris_Helixer_CM049419.1_003716.1_CNL,149,504,gca_026929995_1_petunia_axillaris_helixer_cm049419_1_003716_1_cnl
GCA_026929995.1_Petunia_axillaris_Helixer_CM049419.1_003100.1_CNL,142,494,gca_026929995_1_petunia_axillaris_helixer_cm049419_1_003100_1_cnl
GCA_026929995.1_Petunia_axillaris_Helixer_CM049421.1_004338.1_CNL,138,498,gca_026929995_1_petunia_axillaris_helixer_cm049421_1_004338_1_cnl
GCA_026929995.1_Petunia_axillaris_Helixer_CM049424.1_000485.1_CNL,136,493,gca_026929995_1_petunia_axillaris_helixer_cm049424_1_000485_1_cnl
GCA_026929995.1_Petunia_axillaris_Helixer_CM049424.1_003663.1_CNL,142,494,gca_026929995_1_petunia_axillaris_helixer_cm049424_1_003663_1_cnl
GCA_026929995.1_Petunia_axillaris_Helixer_CM049425.1_001866.1_CNL,137,489,gca_026929995_1_petunia_axillaris_helixer_cm049425_1_001866_1_cnl
GCA_027073615.1_Capsicum_annuum_Helixer_CM049642.1_002932.1_NL,163,516,gca_027073615_1_capsicum_annuum_helixer_cm049642_1_002932_1_nl
GCA_027073675.1_Capsicum_annuum_Helixer_CM049668.1_007584.1_CNL,139,472,gca_027073675_1_capsicum_annuum_helixer_cm049668_1_007584_1_cnl
GCA_027073675.1_Capsicum_annuum_Helixer_CM049670.1_006826.1_CNL,174,525,gca_027073675_1_capsicum_annuum_helixer_cm049670_1_006826_1_cnl
GCA_027704765.1_Solanum_habrochaites_Helixer_JAKWJA010002489.1_000766.1_CNL,144,469,gca_027704765_1_solanum_habrochaites_helixer_jakwja010002489_1_000766_1_cnl
GCA_027704765.1_Solanum_habrochaites_Helixer_JAKWJA010002492.1_000063.1_CNL,140,488,gca_027704765_1_solanum_habrochaites_helixer_jakwja010002492_1_000063_1_cnl
GCA_027704765.1_Solanum_habrochaites_Helixer_JAKWJA010002492.1_002397.1_CNL,146,507,gca_027704765_1_solanum_habrochaites_helixer_jakwja010002492_1_002397_1_cnl
GCA_027704765.1_Solanum_habrochaites_Helixer_JAKWJA010002492.1_002206.1_CNL,155,514,gca_027704765_1_solanum_habrochaites_helixer_jakwja010002492_1_002206_1_cnl
GCA_027705065.1_Solanum_peruvianum_Helixer_JAKWJD010001757.1_000033.1_CNL,177,528,gca_027705065_1_solanum_peruvianum_helixer_jakwjd010001757_1_000033_1_cnl
GCA_027705065.1_Solanum_peruvianum_Helixer_JAKWJD010001758.1_000053.1_CNL,148,493,gca_027705065_1_solanum_peruvianum_helixer_jakwjd010001758_1_000053_1_cnl
GCA_027705065.1_Solanum_peruvianum_Helixer_JAKWJD010001758.1_002204.1_CNL,153,510,gca_027705065_1_solanum_peruvianum_helixer_jakwjd010001758_1_002204_1_cnl
GCA_027789145.1_Solanum_arcanum_Helixer_CM050936.1_000254.1_CNL,139,490,gca_027789145_1_solanum_arcanum_helixer_cm050936_1_000254_1_cnl
GCA_027789145.1_Solanum_arcanum_Helixer_CM050936.1_002424.1_CNL,156,514,gca_027789145_1_solanum_arcanum_helixer_cm050936_1_002424_1_cnl
GCA_029783415.1_Anisodus_acutangulus_Helixer_CM056490.1_001359.1_CNL,136,494,gca_029783415_1_anisodus_acutangulus_helixer_cm056490_1_001359_1_cnl
GCA_029783415.1_Anisodus_acutangulus_Helixer_CM056493.1_001632.1_CNL,214,572,gca_029783415_1_anisodus_acutangulus_helixer_cm056493_1_001632_1_cnl
GCA_029783415.1_Anisodus_acutangulus_Helixer_CM056493.1_000284.1_CNL,140,496,gca_029783415_1_anisodus_acutangulus_helixer_cm056493_1_000284_1_cnl
GCA_029783415.1_Anisodus_acutangulus_Helixer_CM056493.1_001557.1_CNL,141,493,gca_029783415_1_anisodus_acutangulus_helixer_cm056493_1_001557_1_cnl
GCA_029783415.1_Anisodus_acutangulus_Helixer_CM056500.1_000394.1_CNL,136,494,gca_029783415_1_anisodus_acutangulus_helixer_cm056500_1_000394_1_cnl
GCA_029948455.1_Solanum_rostratum_Helixer_CM057045.1_000876.1_CNL,139,496,gca_029948455_1_solanum_rostratum_helixer_cm057045_1_000876_1_cnl
GCA_029948455.1_Solanum_rostratum_Helixer_CM057046.1_001839.1_CNL,167,519,gca_029948455_1_solanum_rostratum_helixer_cm057046_1_001839_1_cnl
GCA_029948455.1_Solanum_rostratum_Helixer_CM057053.1_000712.1_CNL,139,495,gca_029948455_1_solanum_rostratum_helixer_cm057053_1_000712_1_cnl
GCA_029948455.1_Solanum_rostratum_Helixer_CM057053.1_000713.1_CNL,137,494,gca_029948455_1_solanum_rostratum_helixer_cm057053_1_000713_1_cnl
GCA_029948455.1_Solanum_rostratum_Helixer_CM057053.1_001490.1_CNL,137,493,gca_029948455_1_solanum_rostratum_helixer_cm057053_1_001490_1_cnl
GCA_029948455.1_Solanum_rostratum_Helixer_CM057053.1_001489.1_CNL,143,488,gca_029948455_1_solanum_rostratum_helixer_cm057053_1_001489_1_cnl
GCA_029948455.1_Solanum_rostratum_Helixer_CM057053.1_001371.1_CNL,143,506,gca_029948455_1_solanum_rostratum_helixer_cm057053_1_001371_1_cnl
GCA_030407365.1_Solanum_americanum_Helixer_CM059522.1_001160.1_CNL,137,495,gca_030407365_1_solanum_americanum_helixer_cm059522_1_001160_1_cnl
GCA_030407365.1_Solanum_americanum_Helixer_CM059526.1_002497.1_CNL,135,494,gca_030407365_1_solanum_americanum_helixer_cm059526_1_002497_1_cnl
GCA_030407365.1_Solanum_americanum_Helixer_CM059531.1_002022.1_CNL,139,494,gca_030407365_1_solanum_americanum_helixer_cm059531_1_002022_1_cnl
GCA_030407365.1_Solanum_americanum_Helixer_CM059532.1_000953.1_CNL,139,496,gca_030407365_1_solanum_americanum_helixer_cm059532_1_000953_1_cnl
GCA_030407365.1_Solanum_americanum_Helixer_CM059532.1_001626.1_CNL,138,490,gca_030407365_1_solanum_americanum_helixer_cm059532_1_001626_1_cnl
GCA_030407365.1_Solanum_americanum_Helixer_CM059532.1_001126.1_CNL,145,485,gca_030407365_1_solanum_americanum_helixer_cm059532_1_001126_1_cnl
GCA_030407365.1_Solanum_americanum_Helixer_CM059532.1_001129.1_CNL,139,489,gca_030407365_1_solanum_americanum_helixer_cm059532_1_001129_1_cnl
GCA_030407385.1_Solanum_americanum_Helixer_CM059544.1_001963.1_CNL,154,498,gca_030407385_1_solanum_americanum_helixer_cm059544_1_001963_1_cnl
GCA_030407385.1_Solanum_americanum_Helixer_CM059544.1_001886.1_CNL,139,486,gca_030407385_1_solanum_americanum_helixer_cm059544_1_001886_1_cnl
GCA_030407385.1_Solanum_americanum_Helixer_CM059544.1_001884.1_CNL,142,491,gca_030407385_1_solanum_americanum_helixer_cm059544_1_001884_1_cnl
GCA_030407385.1_Solanum_americanum_Helixer_CM059544.1_001883.1_CNL,146,504,gca_030407385_1_solanum_americanum_helixer_cm059544_1_001883_1_cnl
GCA_030463325.1_Solanum_americanum_Helixer_CM059889.1_001917.1_CNL,144,491,gca_030463325_1_solanum_americanum_helixer_cm059889_1_001917_1_cnl
GCA_030463325.1_Solanum_americanum_Helixer_CM059889.1_001796.1_CNL,143,505,gca_030463325_1_solanum_americanum_helixer_cm059889_1_001796_1_cnl
GCA_030864215.1_Capsicum_pubescens_Helixer_CM061541.1_002619.1_CNL,139,498,gca_030864215_1_capsicum_pubescens_helixer_cm061541_1_002619_1_cnl
GCA_030864215.1_Capsicum_pubescens_Helixer_CM061548.1_003430.1_CNL,142,487,gca_030864215_1_capsicum_pubescens_helixer_cm061548_1_003430_1_cnl
GCA_030864215.1_Capsicum_pubescens_Helixer_CM061548.1_002859.1_CNL,144,494,gca_030864215_1_capsicum_pubescens_helixer_cm061548_1_002859_1_cnl
GCA_030864215.1_Capsicum_pubescens_Helixer_CM061548.1_002973.1_CNL,205,561,gca_030864215_1_capsicum_pubescens_helixer_cm061548_1_002973_1_cnl
GCA_030864215.1_Capsicum_pubescens_Helixer_CM061548.1_002980.1_CNL,140,492,gca_030864215_1_capsicum_pubescens_helixer_cm061548_1_002980_1_cnl
GCA_030864225.1_Capsicum_baccatum_Helixer_CM061550.1_004357.1_CNL,140,437,gca_030864225_1_capsicum_baccatum_helixer_cm061550_1_004357_1_cnl
GCA_031230405.1_Solanum_verrucosum_Helixer_CP133615.1_000061.1_CNL,146,491,gca_031230405_1_solanum_verrucosum_helixer_cp133615_1_000061_1_cnl
GCA_031230405.1_Solanum_verrucosum_Helixer_CP133615.1_000062.1_CNL,140,493,gca_031230405_1_solanum_verrucosum_helixer_cp133615_1_000062_1_cnl
GCA_031230405.1_Solanum_verrucosum_Helixer_CP133615.1_000063.1_CNL,138,494,gca_031230405_1_solanum_verrucosum_helixer_cp133615_1_000063_1_cnl
GCA_031230405.1_Solanum_verrucosum_Helixer_CP133615.1_003178.1_CNL,138,494,gca_031230405_1_solanum_verrucosum_helixer_cp133615_1_003178_1_cnl
GCA_031230405.1_Solanum_verrucosum_Helixer_CP133615.1_003168.1_CNL,121,475,gca_031230405_1_solanum_verrucosum_helixer_cp133615_1_003168_1_cnl
GCA_031230405.1_Solanum_verrucosum_Helixer_CP133616.1_000176.1_CNL,167,524,gca_031230405_1_solanum_verrucosum_helixer_cp133616_1_000176_1_cnl
GCA_031232105.1_Capsicum_rhomboideum_Helixer_CP124719.1_001091.1_CNL,134,495,gca_031232105_1_capsicum_rhomboideum_helixer_cp124719_1_001091_1_cnl
GCA_031232105.1_Capsicum_rhomboideum_Helixer_CP124715.1_001786.1_CNL,144,492,gca_031232105_1_capsicum_rhomboideum_helixer_cp124715_1_001786_1_cnl
GCA_031232105.1_Capsicum_rhomboideum_Helixer_CP124715.1_000921.1_CNL,143,489,gca_031232105_1_capsicum_rhomboideum_helixer_cp124715_1_000921_1_cnl
GCA_031232105.1_Capsicum_rhomboideum_Helixer_CP124715.1_000985.1_CNL,147,506,gca_031232105_1_capsicum_rhomboideum_helixer_cp124715_1_000985_1_cnl
GCA_031232105.1_Capsicum_rhomboideum_Helixer_CP124715.1_000986.1_CNL,146,508,gca_031232105_1_capsicum_rhomboideum_helixer_cp124715_1_000986_1_cnl
GCA_031232105.1_Capsicum_rhomboideum_Helixer_CP124715.1_001119.1_CNL,140,494,gca_031232105_1_capsicum_rhomboideum_helixer_cp124715_1_001119_1_cnl
GCA_031232105.1_Capsicum_rhomboideum_Helixer_CP124715.1_001562.1_CNL,141,494,gca_031232105_1_capsicum_rhomboideum_helixer_cp124715_1_001562_1_cnl
GCA_031232105.1_Capsicum_rhomboideum_Helixer_CP124714.1_002035.1_CNL,134,493,gca_031232105_1_capsicum_rhomboideum_helixer_cp124714_1_002035_1_cnl
GCA_031232105.1_Capsicum_rhomboideum_Helixer_CP124711.1_000015.1_CNL,164,520,gca_031232105_1_capsicum_rhomboideum_helixer_cp124711_1_000015_1_cnl
GCA_031232105.1_Capsicum_rhomboideum_Helixer_CP124709.1_000139.1_CNL,153,506,gca_031232105_1_capsicum_rhomboideum_helixer_cp124709_1_000139_1_cnl
GCA_031232105.1_Capsicum_rhomboideum_Helixer_CP124709.1_000141.1_CNL,135,492,gca_031232105_1_capsicum_rhomboideum_helixer_cp124709_1_000141_1_cnl
GCA_031232105.1_Capsicum_rhomboideum_Helixer_CP124709.1_002495.1_CNL,133,491,gca_031232105_1_capsicum_rhomboideum_helixer_cp124709_1_002495_1_cnl
GCA_031232105.1_Capsicum_rhomboideum_Helixer_CP124709.1_002494.1_CNL,141,494,gca_031232105_1_capsicum_rhomboideum_helixer_cp124709_1_002494_1_cnl
GCA_031232105.1_Capsicum_rhomboideum_Helixer_CP124709.1_001719.1_CNL,129,492,gca_031232105_1_capsicum_rhomboideum_helixer_cp124709_1_001719_1_cnl
GCA_031232105.1_Capsicum_rhomboideum_Helixer_CP124709.1_001332.1_CNL,133,485,gca_031232105_1_capsicum_rhomboideum_helixer_cp124709_1_001332_1_cnl
GCA_031232105.1_Capsicum_rhomboideum_Helixer_CP124709.1_001335.1_CNL,138,497,gca_031232105_1_capsicum_rhomboideum_helixer_cp124709_1_001335_1_cnl
GCA_031232105.1_Capsicum_rhomboideum_Helixer_CP124709.1_001340.1_CNL,135,499,gca_031232105_1_capsicum_rhomboideum_helixer_cp124709_1_001340_1_cnl
GCA_031232105.1_Capsicum_rhomboideum_Helixer_CP124709.1_001341.1_CNL,140,494,gca_031232105_1_capsicum_rhomboideum_helixer_cp124709_1_001341_1_cnl
GCA_031232105.1_Capsicum_rhomboideum_Helixer_CP124709.1_001429.1_CNL,137,494,gca_031232105_1_capsicum_rhomboideum_helixer_cp124709_1_001429_1_cnl
GCA_034376525.1_Nicotiana_benthamiana_Helixer_CM067327.1_001175.1_CNL,138,499,gca_034376525_1_nicotiana_benthamiana_helixer_cm067327_1_001175_1_cnl
GCA_034376525.1_Nicotiana_benthamiana_Helixer_CM067327.1_001176.1_CNL,184,536,gca_034376525_1_nicotiana_benthamiana_helixer_cm067327_1_001176_1_cnl
GCA_034376525.1_Nicotiana_benthamiana_Helixer_CM067328.1_001986.1_CNL,138,490,gca_034376525_1_nicotiana_benthamiana_helixer_cm067328_1_001986_1_cnl
GCA_034376525.1_Nicotiana_benthamiana_Helixer_CM067328.1_001982.1_CNL,129,491,gca_034376525_1_nicotiana_benthamiana_helixer_cm067328_1_001982_1_cnl
GCA_034376525.1_Nicotiana_benthamiana_Helixer_CM067334.1_002349.1_NL,163,526,gca_034376525_1_nicotiana_benthamiana_helixer_cm067334_1_002349_1_nl
GCA_034376525.1_Nicotiana_benthamiana_Helixer_CM067337.1_000383.1_CNL,192,555,gca_034376525_1_nicotiana_benthamiana_helixer_cm067337_1_000383_1_cnl
GCA_034376525.1_Nicotiana_benthamiana_Helixer_CM067338.1_002124.1_CNL,137,496,gca_034376525_1_nicotiana_benthamiana_helixer_cm067338_1_002124_1_cnl
GCA_034509755.1_Anisodus_tanguticus_Helixer_CM067543.1_000727.1_CNL,144,505,gca_034509755_1_anisodus_tanguticus_helixer_cm067543_1_000727_1_cnl
GCA_035048845.1_Solanum_bulbocastanum_Helixer_CM068597.1_001790.1_CNL,136,495,gca_035048845_1_solanum_bulbocastanum_helixer_cm068597_1_001790_1_cnl
GCA_035048845.1_Solanum_bulbocastanum_Helixer_CM068598.1_001503.1_CNL,143,506,gca_035048845_1_solanum_bulbocastanum_helixer_cm068598_1_001503_1_cnl
GCA_035578085.1_Solanum_pinnatisectum_Helixer_CM069079.1_002902.1_CNL,137,467,gca_035578085_1_solanum_pinnatisectum_helixer_cm069079_1_002902_1_cnl
GCA_035772555.1_Solanum_americanum_Helixer_CM069619.1_000963.1_CNL,148,489,gca_035772555_1_solanum_americanum_helixer_cm069619_1_000963_1_cnl
GCA_035772735.1_Datura_wrightii_Helixer_JASDFA010000003.1_000997.1_CNL,142,497,gca_035772735_1_datura_wrightii_helixer_jasdfa010000003_1_000997_1_cnl
GCA_035772735.1_Datura_wrightii_Helixer_JASDFA010000004.1_000625.1_CNL,139,516,gca_035772735_1_datura_wrightii_helixer_jasdfa010000004_1_000625_1_cnl
GCA_036553645.1_Solanum_okadae_Helixer_CM071693.1_000075.1_CNL,142,497,gca_036553645_1_solanum_okadae_helixer_cm071693_1_000075_1_cnl
GCA_036553645.1_Solanum_okadae_Helixer_CM071693.1_003237.1_CNL,187,544,gca_036553645_1_solanum_okadae_helixer_cm071693_1_003237_1_cnl
GCA_036553645.1_Solanum_okadae_Helixer_CM071693.1_000097.1_CNL,141,477,gca_036553645_1_solanum_okadae_helixer_cm071693_1_000097_1_cnl
GCA_036553645.1_Solanum_okadae_Helixer_CM071693.1_002788.1_CNL,156,516,gca_036553645_1_solanum_okadae_helixer_cm071693_1_002788_1_cnl
GCA_036553645.1_Solanum_okadae_Helixer_CM071693.1_000550.1_CNL,157,517,gca_036553645_1_solanum_okadae_helixer_cm071693_1_000550_1_cnl
GCA_036553675.1_Solanum_okadae_Helixer_CM071681.1_003379.1_CNL,177,534,gca_036553675_1_solanum_okadae_helixer_cm071681_1_003379_1_cnl
GCA_036553675.1_Solanum_okadae_Helixer_CM071681.1_000076.1_CNL,137,494,gca_036553675_1_solanum_okadae_helixer_cm071681_1_000076_1_cnl
GCA_036553675.1_Solanum_okadae_Helixer_CM071681.1_000083.1_CNL,141,493,gca_036553675_1_solanum_okadae_helixer_cm071681_1_000083_1_cnl
GCA_036553675.1_Solanum_okadae_Helixer_CM071681.1_000096.1_CNL,140,494,gca_036553675_1_solanum_okadae_helixer_cm071681_1_000096_1_cnl
GCA_036553675.1_Solanum_okadae_Helixer_CM071681.1_000100.1_CNL,137,494,gca_036553675_1_solanum_okadae_helixer_cm071681_1_000100_1_cnl
GCA_036553675.1_Solanum_okadae_Helixer_CM071681.1_003365.1_CNL,138,494,gca_036553675_1_solanum_okadae_helixer_cm071681_1_003365_1_cnl
GCA_036553675.1_Solanum_okadae_Helixer_CM071681.1_000101.1_CNL,137,495,gca_036553675_1_solanum_okadae_helixer_cm071681_1_000101_1_cnl
GCA_036553675.1_Solanum_okadae_Helixer_CM071682.1_000185.1_CNL,148,503,gca_036553675_1_solanum_okadae_helixer_cm071682_1_000185_1_cnl
GCA_037074985.1_Solanum_bulbocastanum_Helixer_CM073600.1_000063.1_CNL,137,489,gca_037074985_1_solanum_bulbocastanum_helixer_cm073600_1_000063_1_cnl
GCA_037074985.1_Solanum_bulbocastanum_Helixer_CM073600.1_000067.1_CNL,137,472,gca_037074985_1_solanum_bulbocastanum_helixer_cm073600_1_000067_1_cnl
GCA_041222595.1_Solanum_tuberosum_Helixer_CM083533.1_003050.1_CNL,138,495,gca_041222595_1_solanum_tuberosum_helixer_cm083533_1_003050_1_cnl
GCA_041222595.1_Solanum_tuberosum_Helixer_CM083533.1_002184.1_CNL,141,466,gca_041222595_1_solanum_tuberosum_helixer_cm083533_1_002184_1_cnl
GCA_041222595.1_Solanum_tuberosum_Helixer_CM083533.1_002187.1_CNL,139,494,gca_041222595_1_solanum_tuberosum_helixer_cm083533_1_002187_1_cnl
GCA_041222595.1_Solanum_tuberosum_Helixer_CM083533.1_002195.1_CNL,139,488,gca_041222595_1_solanum_tuberosum_helixer_cm083533_1_002195_1_cnl
GCA_041222595.1_Solanum_tuberosum_Helixer_CM083533.1_003033.1_CNL,141,498,gca_041222595_1_solanum_tuberosum_helixer_cm083533_1_003033_1_cnl
GCA_041222595.1_Solanum_tuberosum_Helixer_CM083536.1_000739.1_CNL,141,498,gca_041222595_1_solanum_tuberosum_helixer_cm083536_1_000739_1_cnl
GCA_041222595.1_Solanum_tuberosum_Helixer_CM083536.1_001497.1_CNL,182,529,gca_041222595_1_solanum_tuberosum_helixer_cm083536_1_001497_1_cnl
GCA_041430385.1_Lycium_ruthenicum_Helixer_CM084478.1_003191.1_CNL,137,495,gca_041430385_1_lycium_ruthenicum_helixer_cm084478_1_003191_1_cnl
GCA_041430385.1_Lycium_ruthenicum_Helixer_CM084482.1_000481.1_CNL,143,493,gca_041430385_1_lycium_ruthenicum_helixer_cm084482_1_000481_1_cnl
GCA_041430385.1_Lycium_ruthenicum_Helixer_CM084482.1_001642.1_CNL,132,492,gca_041430385_1_lycium_ruthenicum_helixer_cm084482_1_001642_1_cnl
GCA_041430385.1_Lycium_ruthenicum_Helixer_CM084482.1_001641.1_CNL,140,494,gca_041430385_1_lycium_ruthenicum_helixer_cm084482_1_001641_1_cnl
GCA_041430385.1_Lycium_ruthenicum_Helixer_CM084482.1_001357.1_CNL,131,494,gca_041430385_1_lycium_ruthenicum_helixer_cm084482_1_001357_1_cnl
GCA_041430385.1_Lycium_ruthenicum_Helixer_CM084487.1_001882.1_CNL,140,498,gca_041430385_1_lycium_ruthenicum_helixer_cm084487_1_001882_1_cnl
GCA_041430385.1_Lycium_ruthenicum_Helixer_CM084488.1_001299.1_CNL,138,486,gca_041430385_1_lycium_ruthenicum_helixer_cm084488_1_001299_1_cnl
GCA_046563305.1_Solanum_acaule_Helixer_CM102187.1_001127.1_CNL,172,525,gca_046563305_1_solanum_acaule_helixer_cm102187_1_001127_1_cnl
GCA_046563305.1_Solanum_acaule_Helixer_CM102190.1_000066.1_CNL,144,489,gca_046563305_1_solanum_acaule_helixer_cm102190_1_000066_1_cnl
GCA_046563305.1_Solanum_acaule_Helixer_CM102190.1_000164.1_CNL,129,492,gca_046563305_1_solanum_acaule_helixer_cm102190_1_000164_1_cnl
GCA_046563305.1_Solanum_acaule_Helixer_CM102190.1_000453.1_CNL,158,518,gca_046563305_1_solanum_acaule_helixer_cm102190_1_000453_1_cnl
GCA_046563445.1_Petunia_x_hybrida_Helixer_CM102210.1_000309.1_CNL,146,499,gca_046563445_1_petunia_x_hybrida_helixer_cm102210_1_000309_1_cnl
GCA_046563445.1_Petunia_x_hybrida_Helixer_CM102210.1_006098.1_CNL,144,499,gca_046563445_1_petunia_x_hybrida_helixer_cm102210_1_006098_1_cnl
GCA_046563445.1_Petunia_x_hybrida_Helixer_CM102212.1_004388.1_CNL,140,498,gca_046563445_1_petunia_x_hybrida_helixer_cm102212_1_004388_1_cnl
GCA_964243065.1_Solanum_nigrum_Helixer_OZ176020.1_000972.1_CNL,166,498,gca_964243065_1_solanum_nigrum_helixer_oz176020_1_000972_1_cnl
GCA_964243065.1_Solanum_nigrum_Helixer_OZ176031.1_002116.1_CNL,141,489,gca_964243065_1_solanum_nigrum_helixer_oz176031_1_002116_1_cnl
GCA_964243065.1_Solanum_nigrum_Helixer_OZ176031.1_002115.1_CNL,141,494,gca_964243065_1_solanum_nigrum_helixer_oz176031_1_002115_1_cnl
GCA_964243065.1_Solanum_nigrum_Helixer_OZ176032.1_000350.1_CNL,173,524,gca_964243065_1_solanum_nigrum_helixer_oz176032_1_000350_1_cnl
GCA_964243065.1_Solanum_nigrum_Helixer_OZ176032.1_001950.1_CNL,143,495,gca_964243065_1_solanum_nigrum_helixer_oz176032_1_001950_1_cnl
GCA_964243065.1_Solanum_nigrum_Helixer_OZ176035.1_001274.1_CNL,115,473,gca_964243065_1_solanum_nigrum_helixer_oz176035_1_001274_1_cnl
GCF_000188115.5_Solanum_lycopersicum_Helixer_NC_015441.3_002606.1_CNL,148,505,gcf_000188115_5_solanum_lycopersicum_helixer_nc_015441_3_002606_1_cnl
GCF_000226075.1_Solanum_tuberosum_Helixer_NW_006239629.1_000001.1_CNL,142,485,gcf_000226075_1_solanum_tuberosum_helixer_nw_006239629_1_000001_1_cnl
GCF_000226075.1_Solanum_tuberosum_Helixer_NW_006240007.1_000002.1_CNL,140,494,gcf_000226075_1_solanum_tuberosum_helixer_nw_006240007_1_000002_1_cnl
GCF_000715135.1_Nicotiana_tabacum_Helixer_NW_015918759.1_000002.1_NL,167,494,gcf_000715135_1_nicotiana_tabacum_helixer_nw_015918759_1_000002_1_nl
GCF_000715135.1_Nicotiana_tabacum_Helixer_NW_015927163.1_000002.1_CNL,141,459,gcf_000715135_1_nicotiana_tabacum_helixer_nw_015927163_1_000002_1_cnl
GCF_001406875.1_Solanum_pennellii_Helixer_NC_028637.1_001147.1_CNL,162,515,gcf_001406875_1_solanum_pennellii_helixer_nc_028637_1_001147_1_cnl
GCF_001406875.1_Solanum_pennellii_Helixer_NC_028639.1_000033.1_CNL,171,520,gcf_001406875_1_solanum_pennellii_helixer_nc_028639_1_000033_1_cnl
GCF_001406875.1_Solanum_pennellii_Helixer_NC_028640.1_002502.1_CNL,124,479,gcf_001406875_1_solanum_pennellii_helixer_nc_028640_1_002502_1_cnl
GCF_019175385.1_Lycium_barbarum_Helixer_NC_083344.1_000514.1_CNL,138,495,gcf_019175385_1_lycium_barbarum_helixer_nc_083344_1_000514_1_cnl
GCF_019175385.1_Lycium_barbarum_Helixer_NC_083346.1_002029.1_CNL,176,528,gcf_019175385_1_lycium_barbarum_helixer_nc_083346_1_002029_1_cnl
GCF_019175385.1_Lycium_barbarum_Helixer_NC_083346.1_002027.1_CNL,140,498,gcf_019175385_1_lycium_barbarum_helixer_nc_083346_1_002027_1_cnl
GCF_019175385.1_Lycium_barbarum_Helixer_NC_083346.1_000969.1_CNL,122,475,gcf_019175385_1_lycium_barbarum_helixer_nc_083346_1_000969_1_cnl
GCF_019175385.1_Lycium_barbarum_Helixer_NC_083347.1_001827.1_CNL,199,554,gcf_019175385_1_lycium_barbarum_helixer_nc_083347_1_001827_1_cnl
GCF_019175385.1_Lycium_barbarum_Helixer_NC_083347.1_001172.1_NL,128,487,gcf_019175385_1_lycium_barbarum_helixer_nc_083347_1_001172_1_nl
GCF_019186545.1_Solanum_stenotomum_Helixer_NC_064283.1_001659.1_CNL,139,494,gcf_019186545_1_solanum_stenotomum_helixer_nc_064283_1_001659_1_cnl
GCF_019186545.1_Solanum_stenotomum_Helixer_NC_064283.1_001655.1_CNL,147,493,gcf_019186545_1_solanum_stenotomum_helixer_nc_064283_1_001655_1_cnl
GCF_019186545.1_Solanum_stenotomum_Helixer_NC_064283.1_001653.1_CNL,150,491,gcf_019186545_1_solanum_stenotomum_helixer_nc_064283_1_001653_1_cnl
GCF_019186545.1_Solanum_stenotomum_Helixer_NC_064283.1_001489.1_CNL,140,487,gcf_019186545_1_solanum_stenotomum_helixer_nc_064283_1_001489_1_cnl
GCF_019186545.1_Solanum_stenotomum_Helixer_NC_064283.1_001588.1_CNL,142,491,gcf_019186545_1_solanum_stenotomum_helixer_nc_064283_1_001588_1_cnl
GCF_019186545.1_Solanum_stenotomum_Helixer_NC_064283.1_001579.1_CNL,143,479,gcf_019186545_1_solanum_stenotomum_helixer_nc_064283_1_001579_1_cnl
GCF_019186545.1_Solanum_stenotomum_Helixer_NC_064286.1_001156.1_CNL,137,494,gcf_019186545_1_solanum_stenotomum_helixer_nc_064286_1_001156_1_cnl
GCF_019186545.1_Solanum_stenotomum_Helixer_NW_026036724.1_000001.1_CNL,140,466,gcf_019186545_1_solanum_stenotomum_helixer_nw_026036724_1_000001_1_cnl
GCF_029784015.1_Lycium_ferocissimum_Helixer_NC_081347.1_001840.1_CNL,151,503,gcf_029784015_1_lycium_ferocissimum_helixer_nc_081347_1_001840_1_cnl
GCF_029784015.1_Lycium_ferocissimum_Helixer_NC_081347.1_001839.1_CNL,162,511,gcf_029784015_1_lycium_ferocissimum_helixer_nc_081347_1_001839_1_cnl
GCF_029784015.1_Lycium_ferocissimum_Helixer_NC_081347.1_001693.1_NL,184,528,gcf_029784015_1_lycium_ferocissimum_helixer_nc_081347_1_001693_1_nl
GCF_029784015.1_Lycium_ferocissimum_Helixer_NC_081350.1_001632.1_CNL,142,497,gcf_029784015_1_lycium_ferocissimum_helixer_nc_081350_1_001632_1_cnl
GCF_029784015.1_Lycium_ferocissimum_Helixer_NC_081352.1_002385.1_CNL,138,488,gcf_029784015_1_lycium_ferocissimum_helixer_nc_081352_1_002385_1_cnl
GCF_947179165.1_Solanum_dulcamara_Helixer_NC_077240.1_002562.1_CNL,136,496,gcf_947179165_1_solanum_dulcamara_helixer_nc_077240_1_002562_1_cnl
GCF_947179165.1_Solanum_dulcamara_Helixer_NC_077243.1_001430.1_CNL,136,488,gcf_947179165_1_solanum_dulcamara_helixer_nc_077243_1_001430_1_cnl
GCF_947179165.1_Solanum_dulcamara_Helixer_NC_077246.1_000553.1_CNL,138,494,gcf_947179165_1_solanum_dulcamara_helixer_nc_077246_1_000553_1_cnl
GCF_947179165.1_Solanum_dulcamara_Helixer_NC_077246.1_001328.1_CNL,145,496,gcf_947179165_1_solanum_dulcamara_helixer_nc_077246_1_001328_1_cnl
GCF_947179165.1_Solanum_dulcamara_Helixer_NC_077246.1_001327.1_CNL,138,494,gcf_947179165_1_solanum_dulcamara_helixer_nc_077246_1_001327_1_cnl
GCF_947179165.1_Solanum_dulcamara_Helixer_NC_077246.1_001252.1_CNL,141,506,gcf_947179165_1_solanum_dulcamara_helixer_nc_077246_1_001252_1_cnl
GCF_947179165.1_Solanum_dulcamara_Helixer_NC_077248.1_001122.1_CNL,136,495,gcf_947179165_1_solanum_dulcamara_helixer_nc_077248_1_001122_1_cnl
GWHCAWW00000000_Solanum_melongena_Helixer_GWHCAWW00000001_000471.1_CNL,138,494,gwhcaww00000000_solanum_melongena_helixer_gwhcaww00000001_000471_1_cnl
GWHCAWW00000000_Solanum_melongena_Helixer_GWHCAWW00000001_000475.1_CNL,142,496,gwhcaww00000000_solanum_melongena_helixer_gwhcaww00000001_000475_1_cnl
GWHCAWW00000000_Solanum_melongena_Helixer_GWHCAWW00000001_002219.1_CNL,138,488,gwhcaww00000000_solanum_melongena_helixer_gwhcaww00000001_002219_1_cnl
GOA_00000000025_Solanum_tuberosum_Helixer_chr04_hap13_v2_003347.1_CNL,140,494,goa_00000000025_solanum_tuberosum_helixer_chr04_hap13_v2_003347_1_cnl
GOA_00000000025_Solanum_tuberosum_Helixer_chr04_hap13_v2_000172.1_CNL,143,506,goa_00000000025_solanum_tuberosum_helixer_chr04_hap13_v2_000172_1_cnl
GOA_00000000027_Solanum_tuberosum_Helixer_chr04_hap15_v2_002959.1_CNL,141,493,goa_00000000027_solanum_tuberosum_helixer_chr04_hap15_v2_002959_1_cnl
GOA_00000000027_Solanum_tuberosum_Helixer_chr04_hap15_v2_000059.1_CNL,124,462,goa_00000000027_solanum_tuberosum_helixer_chr04_hap15_v2_000059_1_cnl
GOA_00000000027_Solanum_tuberosum_Helixer_chr04_hap15_v2_000062.1_CNL,142,489,goa_00000000027_solanum_tuberosum_helixer_chr04_hap15_v2_000062_1_cnl
GON_00000000001_Nicotiana_benthamiana_Helixer_Nbe.v1.1.chr05_001178.1_CNL,154,503,gon_00000000001_nicotiana_benthamiana_helixer_nbe_v1_1_chr05_001178_1_cnl
GON_00000000001_Nicotiana_benthamiana_Helixer_Nbe.v1.1.chr06_001979.1_CNL,138,466,gon_00000000001_nicotiana_benthamiana_helixer_nbe_v1_1_chr06_001979_1_cnl
GON_00000000002_Nicotiana_benthamiana_Helixer_NbQld183C00_001577.1_CNL,138,499,gon_00000000002_nicotiana_benthamiana_helixer_nbqld183c00_001577_1_cnl
GON_00000000002_Nicotiana_benthamiana_Helixer_NbQld183C08_000808.1_CNL,113,458,gon_00000000002_nicotiana_benthamiana_helixer_nbqld183c08_000808_1_cnl
GON_00000000002_Nicotiana_benthamiana_Helixer_NbQld183C16_002655.1_CNL,139,476,gon_00000000002_nicotiana_benthamiana_helixer_nbqld183c16_002655_1_cnl
GOL_00000000004_Solanum_palustre_Helixer_PG0009_tig00006239_000249.1_CNL,135,491,gol_00000000004_solanum_palustre_helixer_pg0009_tig00006239_000249_1_cnl
GOL_00000000004_Solanum_palustre_Helixer_PG0009_tig00065009_000356.1_CNL,141,494,gol_00000000004_solanum_palustre_helixer_pg0009_tig00065009_000356_1_cnl
GOL_00000000004_Solanum_palustre_Helixer_PG0009_tig00065009_000354.1_CNL,140,493,gol_00000000004_solanum_palustre_helixer_pg0009_tig00065009_000354_1_cnl
GOL_00000000004_Solanum_palustre_Helixer_PG0009_tig00065009_000279.1_CNL,158,518,gol_00000000004_solanum_palustre_helixer_pg0009_tig00065009_000279_1_cnl
GOL_00000000006_Solanum_jamesii_Helixer_PG1008_ptg0014_000588.1_CNL,143,493,gol_00000000006_solanum_jamesii_helixer_pg1008_ptg0014_000588_1_cnl
GOL_00000000006_Solanum_jamesii_Helixer_PG1008_ptg0014_000587.1_CNL,140,493,gol_00000000006_solanum_jamesii_helixer_pg1008_ptg0014_000587_1_cnl
GOL_00000000007_Solanum_morelliforme_Helixer_PG1011_ptg0021_000987.1_CNL,140,495,gol_00000000007_solanum_morelliforme_helixer_pg1011_ptg0021_000987_1_cnl
GOL_00000000007_Solanum_morelliforme_Helixer_PG1011_ptg0021_000692.1_CNL,163,524,gol_00000000007_solanum_morelliforme_helixer_pg1011_ptg0021_000692_1_cnl
GOL_00000000008_Solanum_pinnatisectum_Helixer_PG1013_ptg0026_000343.1_CNL,136,495,gol_00000000008_solanum_pinnatisectum_helixer_pg1013_ptg0026_000343_1_cnl
GOL_00000000008_Solanum_pinnatisectum_Helixer_PG1013_ptg0052_000284.1_CNL,123,483,gol_00000000008_solanum_pinnatisectum_helixer_pg1013_ptg0052_000284_1_cnl
GOL_00000000008_Solanum_pinnatisectum_Helixer_PG1013_atg0170_000007.1_CNL,175,527,gol_00000000008_solanum_pinnatisectum_helixer_pg1013_atg0170_000007_1_cnl
GOL_00000000009_Solanum_andreanum_Helixer_PG3003_ptg0025_000350.1_CNL,135,495,gol_00000000009_solanum_andreanum_helixer_pg3003_ptg0025_000350_1_cnl
GOL_00000000009_Solanum_andreanum_Helixer_PG3003_ptg0029_000998.1_CNL,154,515,gol_00000000009_solanum_andreanum_helixer_pg3003_ptg0029_000998_1_cnl
GOL_00000000009_Solanum_andreanum_Helixer_PG3003_ptg0029_000611.1_CNL,139,494,gol_00000000009_solanum_andreanum_helixer_pg3003_ptg0029_000611_1_cnl
GOL_00000000009_Solanum_andreanum_Helixer_PG3003_ptg0029_000605.1_CNL,149,490,gol_00000000009_solanum_andreanum_helixer_pg3003_ptg0029_000605_1_cnl
GOL_00000000009_Solanum_andreanum_Helixer_PG3003_ptg0029_000466.1_CNL,138,491,gol_00000000009_solanum_andreanum_helixer_pg3003_ptg0029_000466_1_cnl
GOL_00000000010_Solanum_chomatophilum_Helixer_PG3005_ptg0002_002067.1_CNL,144,497,gol_00000000010_solanum_chomatophilum_helixer_pg3005_ptg0002_002067_1_cnl
GOL_00000000010_Solanum_chomatophilum_Helixer_PG3005_ptg0014_000073.1_CNL,146,489,gol_00000000010_solanum_chomatophilum_helixer_pg3005_ptg0014_000073_1_cnl
GOL_00000000010_Solanum_chomatophilum_Helixer_PG3005_ptg0014_000074.1_CNL,141,493,gol_00000000010_solanum_chomatophilum_helixer_pg3005_ptg0014_000074_1_cnl
GOL_00000000010_Solanum_chomatophilum_Helixer_PG3005_ptg0014_000077.1_CNL,137,494,gol_00000000010_solanum_chomatophilum_helixer_pg3005_ptg0014_000077_1_cnl
GOL_00000000010_Solanum_chomatophilum_Helixer_PG3005_ptg0014_000078.1_CNL,134,425,gol_00000000010_solanum_chomatophilum_helixer_pg3005_ptg0014_000078_1_cnl
GOL_00000000010_Solanum_chomatophilum_Helixer_PG3005_ptg0014_001105.1_CNL,143,504,gol_00000000010_solanum_chomatophilum_helixer_pg3005_ptg0014_001105_1_cnl
GOL_00000000010_Solanum_chomatophilum_Helixer_PG3005_ptg0075_000365.1_CNL,136,495,gol_00000000010_solanum_chomatophilum_helixer_pg3005_ptg0075_000365_1_cnl
GOL_00000000010_Solanum_chomatophilum_Helixer_PG3005_atg0024_000063.1_CNL,138,487,gol_00000000010_solanum_chomatophilum_helixer_pg3005_atg0024_000063_1_cnl
GOL_00000000010_Solanum_chomatophilum_Helixer_PG3005_atg0024_000068.1_CNL,138,493,gol_00000000010_solanum_chomatophilum_helixer_pg3005_atg0024_000068_1_cnl
GOL_00000000010_Solanum_chomatophilum_Helixer_PG3005_atg0024_000070.1_CNL,140,488,gol_00000000010_solanum_chomatophilum_helixer_pg3005_atg0024_000070_1_cnl
GOL_00000000010_Solanum_chomatophilum_Helixer_PG3005_atg0024_000077.1_CNL,144,494,gol_00000000010_solanum_chomatophilum_helixer_pg3005_atg0024_000077_1_cnl
GOL_00000000010_Solanum_chomatophilum_Helixer_PG3005_atg0024_000082.1_CNL,137,493,gol_00000000010_solanum_chomatophilum_helixer_pg3005_atg0024_000082_1_cnl
GOL_00000000010_Solanum_chomatophilum_Helixer_PG3005_atg0024_000088.1_CNL,163,511,gol_00000000010_solanum_chomatophilum_helixer_pg3005_atg0024_000088_1_cnl
GOL_00000000010_Solanum_chomatophilum_Helixer_PG3005_atg0312_000010.1_CNL,148,498,gol_00000000010_solanum_chomatophilum_helixer_pg3005_atg0312_000010_1_cnl
GOL_00000000010_Solanum_chomatophilum_Helixer_PG3005_atg0312_000025.1_CNL,148,507,gol_00000000010_solanum_chomatophilum_helixer_pg3005_atg0312_000025_1_cnl
GOL_00000000011_Solanum_paucissectum_Helixer_PG3022_ptg0011_000064.1_CNL,141,478,gol_00000000011_solanum_paucissectum_helixer_pg3022_ptg0011_000064_1_cnl
GOL_00000000011_Solanum_paucissectum_Helixer_PG3022_ptg0011_000530.1_CNL,157,517,gol_00000000011_solanum_paucissectum_helixer_pg3022_ptg0011_000530_1_cnl
GOL_00000000011_Solanum_paucissectum_Helixer_PG3022_ptg0022_001751.1_CNL,148,500,gol_00000000011_solanum_paucissectum_helixer_pg3022_ptg0022_001751_1_cnl
GOL_00000000012_Solanum_piurae_Helixer_PG3023_ptg0068_001150.1_CNL,141,491,gol_00000000012_solanum_piurae_helixer_pg3023_ptg0068_001150_1_cnl
GOL_00000000012_Solanum_piurae_Helixer_PG3023_ptg0068_000077.1_CNL,139,485,gol_00000000012_solanum_piurae_helixer_pg3023_ptg0068_000077_1_cnl
GOL_00000000012_Solanum_piurae_Helixer_PG3023_ptg0068_000079.1_CNL,139,493,gol_00000000012_solanum_piurae_helixer_pg3023_ptg0068_000079_1_cnl
GOL_00000000012_Solanum_piurae_Helixer_PG3023_ptg0068_000082.1_CNL,141,494,gol_00000000012_solanum_piurae_helixer_pg3023_ptg0068_000082_1_cnl
GOL_00000000012_Solanum_piurae_Helixer_PG3023_ptg0068_000512.1_CNL,154,515,gol_00000000012_solanum_piurae_helixer_pg3023_ptg0068_000512_1_cnl
GOL_00000000012_Solanum_piurae_Helixer_PG3023_atg0036_000066.1_CNL,159,518,gol_00000000012_solanum_piurae_helixer_pg3023_atg0036_000066_1_cnl
GOL_00000000012_Solanum_piurae_Helixer_PG3023_atg0098_000068.1_NL,124,470,gol_00000000012_solanum_piurae_helixer_pg3023_atg0098_000068_1_nl
GOL_00000000013_Solanum_burkartii_Helixer_PG4005_ptg0018_000168.1_CNL,172,527,gol_00000000013_solanum_burkartii_helixer_pg4005_ptg0018_000168_1_cnl
GOL_00000000013_Solanum_burkartii_Helixer_PG4005_ptg0077_000066.1_CNL,135,484,gol_00000000013_solanum_burkartii_helixer_pg4005_ptg0077_000066_1_cnl
GOL_00000000013_Solanum_burkartii_Helixer_PG4005_ptg0077_000358.1_CNL,144,506,gol_00000000013_solanum_burkartii_helixer_pg4005_ptg0077_000358_1_cnl
GOL_00000000013_Solanum_burkartii_Helixer_PG4005_ptg0077_000357.1_CNL,186,538,gol_00000000013_solanum_burkartii_helixer_pg4005_ptg0077_000357_1_cnl
GOL_00000000014_Solanum_lignicaule_Helixer_PG4017_ptg0008_000576.1_CNL,142,497,gol_00000000014_solanum_lignicaule_helixer_pg4017_ptg0008_000576_1_cnl
GOL_00000000014_Solanum_lignicaule_Helixer_PG4017_ptg0066_000467.1_CNL,142,485,gol_00000000014_solanum_lignicaule_helixer_pg4017_ptg0066_000467_1_cnl
GOL_00000000014_Solanum_lignicaule_Helixer_PG4017_ptg0066_000713.1_CNL,141,496,gol_00000000014_solanum_lignicaule_helixer_pg4017_ptg0066_000713_1_cnl
GOL_00000000014_Solanum_lignicaule_Helixer_PG4017_ptg0066_000708.1_CNL,141,494,gol_00000000014_solanum_lignicaule_helixer_pg4017_ptg0066_000708_1_cnl
GOL_00000000014_Solanum_lignicaule_Helixer_PG4017_ptg0066_000569.1_CNL,140,495,gol_00000000014_solanum_lignicaule_helixer_pg4017_ptg0066_000569_1_cnl
GOL_00000000015_Solanum_sogarandinum_Helixer_PG4032_ptg0015_000958.1_CNL,145,505,gol_00000000015_solanum_sogarandinum_helixer_pg4032_ptg0015_000958_1_cnl
GOL_00000000015_Solanum_sogarandinum_Helixer_PG4032_ptg0015_000957.1_CNL,146,504,gol_00000000015_solanum_sogarandinum_helixer_pg4032_ptg0015_000957_1_cnl
GOL_00000000015_Solanum_sogarandinum_Helixer_PG4032_ptg0015_000955.1_CNL,145,506,gol_00000000015_solanum_sogarandinum_helixer_pg4032_ptg0015_000955_1_cnl
GOL_00000000015_Solanum_sogarandinum_Helixer_PG4032_ptg0030_000017.1_CNL,138,494,gol_00000000015_solanum_sogarandinum_helixer_pg4032_ptg0030_000017_1_cnl
GOL_00000000016_Solanum_vernei_Helixer_PG4036_atg0171_000068.1_CNL,141,462,gol_00000000016_solanum_vernei_helixer_pg4036_atg0171_000068_1_cnl
GOL_00000000016_Solanum_vernei_Helixer_PG4036_atg0171_000074.1_CNL,143,496,gol_00000000016_solanum_vernei_helixer_pg4036_atg0171_000074_1_cnl
GOL_00000000016_Solanum_vernei_Helixer_PG4036_atg0171_000076.1_CNL,137,494,gol_00000000016_solanum_vernei_helixer_pg4036_atg0171_000076_1_cnl
GOL_00000000016_Solanum_vernei_Helixer_PG4036_atg0171_000175.1_CNL,140,489,gol_00000000016_solanum_vernei_helixer_pg4036_atg0171_000175_1_cnl
GOL_00000000017_Solanum_buesii_Helixer_PG4041_ptg0007_000069.1_CNL,157,517,gol_00000000017_solanum_buesii_helixer_pg4041_ptg0007_000069_1_cnl
GOL_00000000017_Solanum_buesii_Helixer_PG4041_ptg0007_000743.1_CNL,153,498,gol_00000000017_solanum_buesii_helixer_pg4041_ptg0007_000743_1_cnl
GOL_00000000017_Solanum_buesii_Helixer_PG4041_ptg0007_000742.1_CNL,137,473,gol_00000000017_solanum_buesii_helixer_pg4041_ptg0007_000742_1_cnl
GOL_00000000017_Solanum_buesii_Helixer_PG4041_ptg0007_000738.1_CNL,148,457,gol_00000000017_solanum_buesii_helixer_pg4041_ptg0007_000738_1_cnl
GOL_00000000017_Solanum_buesii_Helixer_PG4041_ptg0007_000734.1_CNL,140,496,gol_00000000017_solanum_buesii_helixer_pg4041_ptg0007_000734_1_cnl
GOL_00000000017_Solanum_buesii_Helixer_PG4041_ptg0007_000590.1_CNL,139,495,gol_00000000017_solanum_buesii_helixer_pg4041_ptg0007_000590_1_cnl
GOL_00000000018_Solanum_chacoense_Helixer_PG4042_ptg0035_000361.1_CNL,142,497,gol_00000000018_solanum_chacoense_helixer_pg4042_ptg0035_000361_1_cnl
GOL_00000000018_Solanum_chacoense_Helixer_PG4042_ptg0040_000112.1_CNL,158,451,gol_00000000018_solanum_chacoense_helixer_pg4042_ptg0040_000112_1_cnl
GOL_00000000018_Solanum_chacoense_Helixer_PG4042_ptg0040_000756.1_CNL,145,495,gol_00000000018_solanum_chacoense_helixer_pg4042_ptg0040_000756_1_cnl
GOL_00000000018_Solanum_chacoense_Helixer_PG4042_ptg0040_000599.1_CNL,138,522,gol_00000000018_solanum_chacoense_helixer_pg4042_ptg0040_000599_1_cnl
GOL_00000000018_Solanum_chacoense_Helixer_PG4042_ptg0040_000748.1_NL,145,499,gol_00000000018_solanum_chacoense_helixer_pg4042_ptg0040_000748_1_nl
GOL_00000000018_Solanum_chacoense_Helixer_PG4042_ptg0040_000746.1_CNL,147,490,gol_00000000018_solanum_chacoense_helixer_pg4042_ptg0040_000746_1_cnl
GOL_00000000018_Solanum_chacoense_Helixer_PG4042_ptg0040_000601.1_CNL,138,495,gol_00000000018_solanum_chacoense_helixer_pg4042_ptg0040_000601_1_cnl
GOL_00000000018_Solanum_chacoense_Helixer_PG4042_hptg0108_000064.1_CNL,145,471,gol_00000000018_solanum_chacoense_helixer_pg4042_hptg0108_000064_1_cnl
GOL_00000000018_Solanum_chacoense_Helixer_PG4042_hptg0108_000061.1_CNL,156,517,gol_00000000018_solanum_chacoense_helixer_pg4042_hptg0108_000061_1_cnl
GOL_00000000018_Solanum_chacoense_Helixer_PG4042_atg0046_000189.1_CNL,128,455,gol_00000000018_solanum_chacoense_helixer_pg4042_atg0046_000189_1_cnl
GOL_00000000018_Solanum_chacoense_Helixer_PG4042_atg0046_000037.1_CNL,139,495,gol_00000000018_solanum_chacoense_helixer_pg4042_atg0046_000037_1_cnl
GOL_00000000019_Solanum_commersonii_Helixer_PG4049_ptg0002_003000.1_CNL,136,495,gol_00000000019_solanum_commersonii_helixer_pg4049_ptg0002_003000_1_cnl
GOL_00000000019_Solanum_commersonii_Helixer_PG4049_ptg0002_000068.1_CNL,147,491,gol_00000000019_solanum_commersonii_helixer_pg4049_ptg0002_000068_1_cnl
GOL_00000000019_Solanum_commersonii_Helixer_PG4049_ptg0002_000481.1_CNL,159,518,gol_00000000019_solanum_commersonii_helixer_pg4049_ptg0002_000481_1_cnl
GOL_00000000020_Solanum_multiinterruptum_Helixer_PG4060_ptg0007_000444.1_CNL,127,490,gol_00000000020_solanum_multiinterruptum_helixer_pg4060_ptg0007_000444_1_cnl
GOL_00000000020_Solanum_multiinterruptum_Helixer_PG4060_ptg0007_000746.1_CNL,141,494,gol_00000000020_solanum_multiinterruptum_helixer_pg4060_ptg0007_000746_1_cnl
GOL_00000000020_Solanum_multiinterruptum_Helixer_PG4060_atg0248_000051.1_NL,120,482,gol_00000000020_solanum_multiinterruptum_helixer_pg4060_atg0248_000051_1_nl
GOL_00000000020_Solanum_multiinterruptum_Helixer_PG4060_atg0320_000218.1_CNL,140,494,gol_00000000020_solanum_multiinterruptum_helixer_pg4060_atg0320_000218_1_cnl
GOL_00000000020_Solanum_multiinterruptum_Helixer_PG4060_atg0320_000063.1_CNL,145,490,gol_00000000020_solanum_multiinterruptum_helixer_pg4060_atg0320_000063_1_cnl
GOL_00000000020_Solanum_multiinterruptum_Helixer_PG4060_atg0320_000067.1_CNL,142,493,gol_00000000020_solanum_multiinterruptum_helixer_pg4060_atg0320_000067_1_cnl
GOL_00000000020_Solanum_multiinterruptum_Helixer_PG4060_atg0320_000069.1_CNL,139,488,gol_00000000020_solanum_multiinterruptum_helixer_pg4060_atg0320_000069_1_cnl
GOL_00000000020_Solanum_multiinterruptum_Helixer_PG4060_atg0320_000071.1_CNL,137,493,gol_00000000020_solanum_multiinterruptum_helixer_pg4060_atg0320_000071_1_cnl
GOL_00000000020_Solanum_multiinterruptum_Helixer_PG4060_atg0320_000074.1_CNL,139,494,gol_00000000020_solanum_multiinterruptum_helixer_pg4060_atg0320_000074_1_cnl
GOL_00000000021_Solanum_candolleanum_Helixer_PG5003_atg1221_000003.1_CNL,136,495,gol_00000000021_solanum_candolleanum_helixer_pg5003_atg1221_000003_1_cnl
GOL_00000000022_Solanum_candolleanum_Helixer_PG5018_ptg0001_000415.1_CNL,110,472,gol_00000000022_solanum_candolleanum_helixer_pg5018_ptg0001_000415_1_cnl
GOL_00000000022_Solanum_candolleanum_Helixer_PG5018_ptg0001_000413.1_CNL,132,483,gol_00000000022_solanum_candolleanum_helixer_pg5018_ptg0001_000413_1_cnl
GOL_00000000022_Solanum_candolleanum_Helixer_PG5018_hptg0214_000078.1_CNL,148,510,gol_00000000022_solanum_candolleanum_helixer_pg5018_hptg0214_000078_1_cnl
GOL_00000000022_Solanum_candolleanum_Helixer_PG5018_atg0240_000011.1_CNL,140,484,gol_00000000022_solanum_candolleanum_helixer_pg5018_atg0240_000011_1_cnl
GOC_00000000007_Solanum_candolleanum_Helixer_C399_H1_chr1_1_001282.1_NL,112,425,goc_00000000007_solanum_candolleanum_helixer_c399_h1_chr1_1_001282_1_nl
GOC_00000000007_Solanum_candolleanum_Helixer_C399_H1_chr4_1_000171.1_CNL,151,426,goc_00000000007_solanum_candolleanum_helixer_c399_h1_chr4_1_000171_1_cnl
GOC_00000000007_Solanum_candolleanum_Helixer_C399_H1_chr4_1_000530.1_CNL,174,535,goc_00000000007_solanum_candolleanum_helixer_c399_h1_chr4_1_000530_1_cnl
GOL_00000000023_Solanum_brevicaule_Helixer_PG5032_ptg0066_000505.1_CNL,158,518,gol_00000000023_solanum_brevicaule_helixer_pg5032_ptg0066_000505_1_cnl
GOL_00000000023_Solanum_brevicaule_Helixer_PG5032_atg0923_000017.1_CNL,141,493,gol_00000000023_solanum_brevicaule_helixer_pg5032_atg0923_000017_1_cnl
GOL_00000000023_Solanum_brevicaule_Helixer_PG5032_atg0998_000003.1_CNL,139,452,gol_00000000023_solanum_brevicaule_helixer_pg5032_atg0998_000003_1_cnl
GOL_00000000023_Solanum_brevicaule_Helixer_PG5032_atg0998_000004.1_CNL,137,490,gol_00000000023_solanum_brevicaule_helixer_pg5032_atg0998_000004_1_cnl
GOC_00000000009_Solanum_candolleanum_Helixer_C410_H1_chr1_1_001188.1_CNL,169,527,goc_00000000009_solanum_candolleanum_helixer_c410_h1_chr1_1_001188_1_cnl
GOC_00000000009_Solanum_candolleanum_Helixer_C410_H1_chr4_1_003320.1_CNL,147,504,goc_00000000009_solanum_candolleanum_helixer_c410_h1_chr4_1_003320_1_cnl
GOC_00000000009_Solanum_candolleanum_Helixer_C410_H1_chr4_1_000065.1_CNL,142,489,goc_00000000009_solanum_candolleanum_helixer_c410_h1_chr4_1_000065_1_cnl
GOC_00000000009_Solanum_candolleanum_Helixer_C410_H1_chr4_1_000076.1_CNL,144,479,goc_00000000009_solanum_candolleanum_helixer_c410_h1_chr4_1_000076_1_cnl
GOC_00000000009_Solanum_candolleanum_Helixer_C410_H1_chr4_1_000079.1_CNL,131,437,goc_00000000009_solanum_candolleanum_helixer_c410_h1_chr4_1_000079_1_cnl
GOC_00000000009_Solanum_candolleanum_Helixer_C410_H1_chr4_1_000095.1_CNL,145,488,goc_00000000009_solanum_candolleanum_helixer_c410_h1_chr4_1_000095_1_cnl
GOC_00000000009_Solanum_candolleanum_Helixer_C410_H1_chr4_1_000203.1_CNL,161,524,goc_00000000009_solanum_candolleanum_helixer_c410_h1_chr4_1_000203_1_cnl
GOC_00000000009_Solanum_candolleanum_Helixer_C410_H1_chr4_1_002823.1_CNL,115,467,goc_00000000009_solanum_candolleanum_helixer_c410_h1_chr4_1_002823_1_cnl
GOC_00000000010_Solanum_candolleanum_Helixer_C410_H2_chr4_2_003389.1_CNL,140,459,goc_00000000010_solanum_candolleanum_helixer_c410_h2_chr4_2_003389_1_cnl
GOC_00000000010_Solanum_candolleanum_Helixer_C410_H2_chr4_2_000082.1_CNL,142,457,goc_00000000010_solanum_candolleanum_helixer_c410_h2_chr4_2_000082_1_cnl
GOC_00000000010_Solanum_candolleanum_Helixer_C410_H2_chr4_2_000085.1_CNL,139,494,goc_00000000010_solanum_candolleanum_helixer_c410_h2_chr4_2_000085_1_cnl
GOC_00000000010_Solanum_candolleanum_Helixer_C410_H2_chr4_2_003224.1_CNL,170,528,goc_00000000010_solanum_candolleanum_helixer_c410_h2_chr4_2_003224_1_cnl
GOC_00000000010_Solanum_candolleanum_Helixer_C410_H2_chr4_2_003186.1_CNL,148,466,goc_00000000010_solanum_candolleanum_helixer_c410_h2_chr4_2_003186_1_cnl
GOC_00000000011_Solanum_candolleanum_Helixer_C497_H1_chr3_1_000035.1_NL,102,460,goc_00000000011_solanum_candolleanum_helixer_c497_h1_chr3_1_000035_1_nl
GOC_00000000011_Solanum_candolleanum_Helixer_C497_H1_chr4_1_000063.1_CNL,138,488,goc_00000000011_solanum_candolleanum_helixer_c497_h1_chr4_1_000063_1_cnl
GOC_00000000011_Solanum_candolleanum_Helixer_C497_H1_chr4_1_000082.1_CNL,139,494,goc_00000000011_solanum_candolleanum_helixer_c497_h1_chr4_1_000082_1_cnl
GOC_00000000012_Solanum_candolleanum_Helixer_C497_H2_chr4_2_000062.1_CNL,145,490,goc_00000000012_solanum_candolleanum_helixer_c497_h2_chr4_2_000062_1_cnl
GOC_00000000012_Solanum_candolleanum_Helixer_C497_H2_chr4_2_000065.1_CNL,140,473,goc_00000000012_solanum_candolleanum_helixer_c497_h2_chr4_2_000065_1_cnl
GOC_00000000012_Solanum_candolleanum_Helixer_C497_H2_chr4_2_003242.1_CNL,120,476,goc_00000000012_solanum_candolleanum_helixer_c497_h2_chr4_2_003242_1_cnl
GOC_00000000013_Solanum_candolleanum_Helixer_C462_H1_chr4_1_003249.1_CNL,139,495,goc_00000000013_solanum_candolleanum_helixer_c462_h1_chr4_1_003249_1_cnl
GOC_00000000013_Solanum_candolleanum_Helixer_C462_H1_chr4_1_002800.1_CNL,158,518,goc_00000000013_solanum_candolleanum_helixer_c462_h1_chr4_1_002800_1_cnl
GOC_00000000014_Solanum_candolleanum_Helixer_C462_H2_chr5_2_000165.1_CNL,164,520,goc_00000000014_solanum_candolleanum_helixer_c462_h2_chr5_2_000165_1_cnl
GOC_00000000015_Solanum_candolleanum_Helixer_C413_H1_chr1_1_001161.1_CNL,139,500,goc_00000000015_solanum_candolleanum_helixer_c413_h1_chr1_1_001161_1_cnl
GOC_00000000016_Solanum_candolleanum_Helixer_C413_H2_chr4_2_000088.1_CNL,137,493,goc_00000000016_solanum_candolleanum_helixer_c413_h2_chr4_2_000088_1_cnl
GOC_00000000016_Solanum_candolleanum_Helixer_C413_H2_chr4_2_000099.1_CNL,140,494,goc_00000000016_solanum_candolleanum_helixer_c413_h2_chr4_2_000099_1_cnl
GOC_00000000016_Solanum_candolleanum_Helixer_C413_H2_chr4_2_003201.1_CNL,145,503,goc_00000000016_solanum_candolleanum_helixer_c413_h2_chr4_2_003201_1_cnl
GOL_00000000024_Solanum_candolleanum_Helixer_PG5062_ptg0010_000717.1_CNL,137,491,gol_00000000024_solanum_candolleanum_helixer_pg5062_ptg0010_000717_1_cnl
GOL_00000000024_Solanum_candolleanum_Helixer_PG5062_ptg0031_000381.1_CNL,138,498,gol_00000000024_solanum_candolleanum_helixer_pg5062_ptg0031_000381_1_cnl
GOL_00000000024_Solanum_candolleanum_Helixer_PG5062_atg0164_000012.1_NL,136,492,gol_00000000024_solanum_candolleanum_helixer_pg5062_atg0164_000012_1_nl
GOL_00000000024_Solanum_candolleanum_Helixer_PG5062_atg0164_000013.1_CNL,155,511,gol_00000000024_solanum_candolleanum_helixer_pg5062_atg0164_000013_1_cnl
GOC_00000000018_Solanum_candolleanum_Helixer_C574_H2_chr4_2_000062.1_CNL,206,550,goc_00000000018_solanum_candolleanum_helixer_c574_h2_chr4_2_000062_1_cnl
GOL_00000000025_Solanum_candolleanum_Helixer_PG5068_chr04_003346.1_CNL,137,494,gol_00000000025_solanum_candolleanum_helixer_pg5068_chr04_003346_1_cnl
GOL_00000000025_Solanum_candolleanum_Helixer_PG5068_chr04_003339.1_CNL,137,496,gol_00000000025_solanum_candolleanum_helixer_pg5068_chr04_003339_1_cnl
GOL_00000000025_Solanum_candolleanum_Helixer_PG5068_chr04_000162.1_CNL,143,497,gol_00000000025_solanum_candolleanum_helixer_pg5068_chr04_000162_1_cnl
GOL_00000000025_Solanum_candolleanum_Helixer_PG5068_hptg0100_000016.1_CNL,143,506,gol_00000000025_solanum_candolleanum_helixer_pg5068_hptg0100_000016_1_cnl
GOC_00000000019_Solanum_candolleanum_Helixer_C419_H1_chr4_1_000073.1_CNL,156,511,goc_00000000019_solanum_candolleanum_helixer_c419_h1_chr4_1_000073_1_cnl
GOC_00000000020_Solanum_candolleanum_Helixer_C419_H2_chr4_2_000068.1_CNL,148,491,goc_00000000020_solanum_candolleanum_helixer_c419_h2_chr4_2_000068_1_cnl
GOC_00000000020_Solanum_candolleanum_Helixer_C419_H2_chr4_2_000071.1_CNL,251,546,goc_00000000020_solanum_candolleanum_helixer_c419_h2_chr4_2_000071_1_cnl
GOL_00000000026_Solanum_boliviense_Helixer_PG5076_ptg0001_001246.1_CNL,157,517,gol_00000000026_solanum_boliviense_helixer_pg5076_ptg0001_001246_1_cnl
GOL_00000000026_Solanum_boliviense_Helixer_PG5076_ptg0001_000823.1_CNL,137,494,gol_00000000026_solanum_boliviense_helixer_pg5076_ptg0001_000823_1_cnl
GOL_00000000026_Solanum_boliviense_Helixer_PG5076_ptg0001_000668.1_CNL,139,495,gol_00000000026_solanum_boliviense_helixer_pg5076_ptg0001_000668_1_cnl
GOL_00000000026_Solanum_boliviense_Helixer_PG5076_atg0076_000162.1_CNL,110,456,gol_00000000026_solanum_boliviense_helixer_pg5076_atg0076_000162_1_cnl
GOL_00000000026_Solanum_boliviense_Helixer_PG5076_atg0076_000160.1_CNL,142,506,gol_00000000026_solanum_boliviense_helixer_pg5076_atg0076_000160_1_cnl
GOL_00000000026_Solanum_boliviense_Helixer_PG5076_atg0076_000077.1_CNL,144,505,gol_00000000026_solanum_boliviense_helixer_pg5076_atg0076_000077_1_cnl
GOL_00000000026_Solanum_boliviense_Helixer_PG5076_atg0076_000081.1_CNL,143,474,gol_00000000026_solanum_boliviense_helixer_pg5076_atg0076_000081_1_cnl
GOC_00000000021_Solanum_candolleanum_Helixer_C422_H1_chr4_1_000079.1_CNL,140,493,goc_00000000021_solanum_candolleanum_helixer_c422_h1_chr4_1_000079_1_cnl
GOC_00000000021_Solanum_candolleanum_Helixer_C422_H1_chr4_1_000188.1_CNL,131,434,goc_00000000021_solanum_candolleanum_helixer_c422_h1_chr4_1_000188_1_cnl
GOC_00000000022_Solanum_candolleanum_Helixer_C422_H2_chr4_2_000071.1_CNL,124,518,goc_00000000022_solanum_candolleanum_helixer_c422_h2_chr4_2_000071_1_cnl
GOC_00000000022_Solanum_candolleanum_Helixer_C422_H2_chr4_2_000098.1_CNL,124,503,goc_00000000022_solanum_candolleanum_helixer_c422_h2_chr4_2_000098_1_cnl
GOC_00000000024_Solanum_candolleanum_Helixer_C423_H2_chr4_2_000193.1_CNL,142,505,goc_00000000024_solanum_candolleanum_helixer_c423_h2_chr4_2_000193_1_cnl
GOL_00000000027_Solanum_tuberosum_Helixer_PG6002_ptg0036_000357.1_CNL,138,495,gol_00000000027_solanum_tuberosum_helixer_pg6002_ptg0036_000357_1_cnl
GOL_00000000027_Solanum_tuberosum_Helixer_PG6002_ptg0058_000545.1_CNL,141,494,gol_00000000027_solanum_tuberosum_helixer_pg6002_ptg0058_000545_1_cnl
GOL_00000000027_Solanum_tuberosum_Helixer_PG6002_ptg0058_000543.1_CNL,139,493,gol_00000000027_solanum_tuberosum_helixer_pg6002_ptg0058_000543_1_cnl
GOL_00000000027_Solanum_tuberosum_Helixer_PG6002_ptg0058_000535.1_CNL,139,495,gol_00000000027_solanum_tuberosum_helixer_pg6002_ptg0058_000535_1_cnl
GOL_00000000027_Solanum_tuberosum_Helixer_PG6002_ptg0106_000082.1_CNL,137,494,gol_00000000027_solanum_tuberosum_helixer_pg6002_ptg0106_000082_1_cnl
GOL_00000000027_Solanum_tuberosum_Helixer_PG6002_ptg0106_000072.1_CNL,139,474,gol_00000000027_solanum_tuberosum_helixer_pg6002_ptg0106_000072_1_cnl
GOL_00000000027_Solanum_tuberosum_Helixer_PG6002_hptg0058_000188.1_CNL,144,477,gol_00000000027_solanum_tuberosum_helixer_pg6002_hptg0058_000188_1_cnl
GOL_00000000029_Solanum_tuberosum_Helixer_PG6055_ptg0028_001151.1_CNL,144,505,gol_00000000029_solanum_tuberosum_helixer_pg6055_ptg0028_001151_1_cnl
GOC_00000000028_Solanum_tuberosum_Helixer_C001_H2_chr4_2_000190.1_CNL,120,482,goc_00000000028_solanum_tuberosum_helixer_c001_h2_chr4_2_000190_1_cnl
GOC_00000000030_Solanum_tuberosum_Helixer_C005_H2_chr4_2_000064.1_CNL,139,493,goc_00000000030_solanum_tuberosum_helixer_c005_h2_chr4_2_000064_1_cnl
GOC_00000000030_Solanum_tuberosum_Helixer_C005_H2_chr4_2_000068.1_CNL,139,497,goc_00000000030_solanum_tuberosum_helixer_c005_h2_chr4_2_000068_1_cnl
GOC_00000000031_Solanum_tuberosum_Helixer_C025_H1_chr4_1_000065.1_CNL,147,489,goc_00000000031_solanum_tuberosum_helixer_c025_h1_chr4_1_000065_1_cnl
GOC_00000000031_Solanum_tuberosum_Helixer_C025_H1_chr4_1_000071.1_CNL,142,495,goc_00000000031_solanum_tuberosum_helixer_c025_h1_chr4_1_000071_1_cnl
GOL_00000000031_Solanum_tuberosum_Helixer_PG6090_ptg0023_001087.1_CNL,140,494,gol_00000000031_solanum_tuberosum_helixer_pg6090_ptg0023_001087_1_cnl
GOL_00000000031_Solanum_tuberosum_Helixer_PG6090_atg0297_000076.1_CNL,141,494,gol_00000000031_solanum_tuberosum_helixer_pg6090_atg0297_000076_1_cnl
GOL_00000000031_Solanum_tuberosum_Helixer_PG6090_atg0297_000071.1_CNL,141,467,gol_00000000031_solanum_tuberosum_helixer_pg6090_atg0297_000071_1_cnl
GOL_00000000031_Solanum_tuberosum_Helixer_PG6090_atg0411_000016.1_CNL,141,505,gol_00000000031_solanum_tuberosum_helixer_pg6090_atg0411_000016_1_cnl
GOC_00000000036_Solanum_tuberosum_Helixer_C093_H2_chr4_2_003127.1_CNL,140,494,goc_00000000036_solanum_tuberosum_helixer_c093_h2_chr4_2_003127_1_cnl
GOC_00000000038_Solanum_tuberosum_Helixer_C027_H2_chr4_2_000071.1_CNL,139,494,goc_00000000038_solanum_tuberosum_helixer_c027_h2_chr4_2_000071_1_cnl
GOL_00000000032_Solanum_tuberosum_Helixer_PG6148_ptg0012_000593.1_CNL,140,452,gol_00000000032_solanum_tuberosum_helixer_pg6148_ptg0012_000593_1_cnl
GOC_00000000039_Solanum_tuberosum_Helixer_C098_H1_chr4_1_000174.1_CNL,126,490,goc_00000000039_solanum_tuberosum_helixer_c098_h1_chr4_1_000174_1_cnl
GOC_00000000041_Solanum_tuberosum_Helixer_C121_H1_chr4_1_000069.1_CNL,141,447,goc_00000000041_solanum_tuberosum_helixer_c121_h1_chr4_1_000069_1_cnl
GOL_00000000035_Solanum_tuberosum_Helixer_PG6216_ptg0026_000708.1_CNL,142,457,gol_00000000035_solanum_tuberosum_helixer_pg6216_ptg0026_000708_1_cnl
GOL_00000000038_Solanum_cajamarquense_Helixer_PG6242_ptg0002_000061.1_CNL,139,488,gol_00000000038_solanum_cajamarquense_helixer_pg6242_ptg0002_000061_1_cnl
GOL_00000000038_Solanum_cajamarquense_Helixer_PG6242_ptg0002_000063.1_CNL,136,493,gol_00000000038_solanum_cajamarquense_helixer_pg6242_ptg0002_000063_1_cnl
GOL_00000000038_Solanum_cajamarquense_Helixer_PG6242_ptg0002_000756.1_CNL,156,517,gol_00000000038_solanum_cajamarquense_helixer_pg6242_ptg0002_000756_1_cnl
GOL_00000000038_Solanum_cajamarquense_Helixer_PG6242_ptg0002_000472.1_CNL,157,514,gol_00000000038_solanum_cajamarquense_helixer_pg6242_ptg0002_000472_1_cnl
GOL_00000000038_Solanum_cajamarquense_Helixer_PG6242_ptg0015_000438.1_CNL,142,497,gol_00000000038_solanum_cajamarquense_helixer_pg6242_ptg0015_000438_1_cnl
GOL_00000000038_Solanum_cajamarquense_Helixer_PG6242_atg0064_000001.1_CNL,143,496,gol_00000000038_solanum_cajamarquense_helixer_pg6242_atg0064_000001_1_cnl
GOL_00000000038_Solanum_cajamarquense_Helixer_PG6242_atg0303_000005.1_CNL,145,484,gol_00000000038_solanum_cajamarquense_helixer_pg6242_atg0303_000005_1_cnl
GOL_00000000038_Solanum_cajamarquense_Helixer_PG6242_atg0303_000002.1_CNL,141,491,gol_00000000038_solanum_cajamarquense_helixer_pg6242_atg0303_000002_1_cnl
GOL_00000000039_Solanum_neorossii_Helixer_PG6243_ptg0004_000177.1_CNL,138,439,gol_00000000039_solanum_neorossii_helixer_pg6243_ptg0004_000177_1_cnl
GOL_00000000039_Solanum_neorossii_Helixer_PG6243_ptg0008_000157.1_CNL,143,489,gol_00000000039_solanum_neorossii_helixer_pg6243_ptg0008_000157_1_cnl
GOL_00000000039_Solanum_neorossii_Helixer_PG6243_ptg0008_000171.1_CNL,110,469,gol_00000000039_solanum_neorossii_helixer_pg6243_ptg0008_000171_1_cnl
GOL_00000000039_Solanum_neorossii_Helixer_PG6243_ptg0008_000345.1_CNL,115,473,gol_00000000039_solanum_neorossii_helixer_pg6243_ptg0008_000345_1_cnl
GOL_00000000039_Solanum_neorossii_Helixer_PG6243_atg0113_000164.1_CNL,147,461,gol_00000000039_solanum_neorossii_helixer_pg6243_atg0113_000164_1_cnl
GOL_00000000039_Solanum_neorossii_Helixer_PG6243_atg0345_000009.1_CNL,140,473,gol_00000000039_solanum_neorossii_helixer_pg6243_atg0345_000009_1_cnl
GOC_00000000051_Solanum_tuberosum_Helixer_C058_H1_chr4_1_003289.1_CNL,140,495,goc_00000000051_solanum_tuberosum_helixer_c058_h1_chr4_1_003289_1_cnl
GOL_00000000042_Solanum_tuberosum_Helixer_PG6246_ptg0051_000507.1_CNL,158,515,gol_00000000042_solanum_tuberosum_helixer_pg6246_ptg0051_000507_1_cnl
GOL_00000000043_Solanum_tuberosum_Helixer_PG6247_ptg0023_001235.1_CNL,125,444,gol_00000000043_solanum_tuberosum_helixer_pg6247_ptg0023_001235_1_cnl
GOL_00000000043_Solanum_tuberosum_Helixer_PG6247_ptg0023_000078.1_CNL,137,494,gol_00000000043_solanum_tuberosum_helixer_pg6247_ptg0023_000078_1_cnl
GOL_00000000044_Solanum_tuberosum_Helixer_PG6359_chr04_000093.1_CNL,174,525,gol_00000000044_solanum_tuberosum_helixer_pg6359_chr04_000093_1_cnl
GOB_00000000002_Physalis_grisea_Helixer_chr2_002651.1_CNL,149,500,gob_00000000002_physalis_grisea_helixer_chr2_002651_1_cnl
GOB_00000000002_Physalis_grisea_Helixer_chr2_001705.1_CNL,142,495,gob_00000000002_physalis_grisea_helixer_chr2_001705_1_cnl
GOB_00000000002_Physalis_grisea_Helixer_chr2_001704.1_CNL,142,489,gob_00000000002_physalis_grisea_helixer_chr2_001704_1_cnl
GOB_00000000002_Physalis_grisea_Helixer_chr2_001703.1_CNL,139,494,gob_00000000002_physalis_grisea_helixer_chr2_001703_1_cnl
GOB_00000000002_Physalis_grisea_Helixer_chr4_000024.1_CNL,146,500,gob_00000000002_physalis_grisea_helixer_chr4_000024_1_cnl
GOB_00000000002_Physalis_grisea_Helixer_chr4_000025.1_CNL,149,500,gob_00000000002_physalis_grisea_helixer_chr4_000025_1_cnl
GOB_00000000002_Physalis_grisea_Helixer_chr4_001191.1_CNL,132,491,gob_00000000002_physalis_grisea_helixer_chr4_001191_1_cnl
GOB_00000000002_Physalis_grisea_Helixer_chr4_000942.1_CNL,134,494,gob_00000000002_physalis_grisea_helixer_chr4_000942_1_cnl
GOB_00000000002_Physalis_grisea_Helixer_chr7_001521.1_CNL,143,506,gob_00000000002_physalis_grisea_helixer_chr7_001521_1_cnl
GOB_00000000002_Physalis_grisea_Helixer_chr7_000917.1_CNL,180,501,gob_00000000002_physalis_grisea_helixer_chr7_000917_1_cnl
GOB_00000000002_Physalis_grisea_Helixer_chr8_003528.1_CNL,137,496,gob_00000000002_physalis_grisea_helixer_chr8_003528_1_cnl
GOB_00000000002_Physalis_grisea_Helixer_chr10_000126.1_CNL,139,496,gob_00000000002_physalis_grisea_helixer_chr10_000126_1_cnl
GOB_00000000002_Physalis_grisea_Helixer_chr12_000966.1_CNL,133,494,gob_00000000002_physalis_grisea_helixer_chr12_000966_1_cnl
GOZ_00000000014_Solanum_lycopersicum_Helixer_4_002486.1_CNL,146,466,goz_00000000014_solanum_lycopersicum_helixer_4_002486_1_cnl
GOB_00000000001_Solanum_abutiloides_Helixer_chr1_000942.1_CNL,139,496,gob_00000000001_solanum_abutiloides_helixer_chr1_000942_1_cnl
GOB_00000000001_Solanum_abutiloides_Helixer_chr4_000453.1_CNL,138,493,gob_00000000001_solanum_abutiloides_helixer_chr4_000453_1_cnl
GOB_00000000001_Solanum_abutiloides_Helixer_chr4_000454.1_CNL,141,496,gob_00000000001_solanum_abutiloides_helixer_chr4_000454_1_cnl
GOB_00000000001_Solanum_abutiloides_Helixer_chr4_000455.1_CNL,144,496,gob_00000000001_solanum_abutiloides_helixer_chr4_000455_1_cnl
GOB_00000000001_Solanum_abutiloides_Helixer_chr4_002184.1_CNL,137,493,gob_00000000001_solanum_abutiloides_helixer_chr4_002184_1_cnl
GOB_00000000001_Solanum_abutiloides_Helixer_chr4_002182.1_CNL,136,493,gob_00000000001_solanum_abutiloides_helixer_chr4_002182_1_cnl
GOB_00000000001_Solanum_abutiloides_Helixer_chr4_002181.1_CNL,143,488,gob_00000000001_solanum_abutiloides_helixer_chr4_002181_1_cnl
GOB_00000000001_Solanum_abutiloides_Helixer_chr4_002180.1_CNL,143,488,gob_00000000001_solanum_abutiloides_helixer_chr4_002180_1_cnl
GOB_00000000001_Solanum_abutiloides_Helixer_chr4_000456.1_CNL,135,488,gob_00000000001_solanum_abutiloides_helixer_chr4_000456_1_cnl
GOB_00000000001_Solanum_abutiloides_Helixer_chr5_002274.1_CNL,143,494,gob_00000000001_solanum_abutiloides_helixer_chr5_002274_1_cnl
GOB_00000000001_Solanum_abutiloides_Helixer_chr12_002094.1_CNL,180,527,gob_00000000001_solanum_abutiloides_helixer_chr12_002094_1_cnl
GOB_00000000003_Solanum_aethiopicum_Helixer_chr7_002691.1_NL,118,483,gob_00000000003_solanum_aethiopicum_helixer_chr7_002691_1_nl
GOB_00000000003_Solanum_aethiopicum_Helixer_chr7_000605.1_CNL,169,517,gob_00000000003_solanum_aethiopicum_helixer_chr7_000605_1_cnl
GOB_00000000003_Solanum_aethiopicum_Helixer_chr7_002601.1_CNL,138,494,gob_00000000003_solanum_aethiopicum_helixer_chr7_002601_1_cnl
GOB_00000000005_Solanum_anguivi_Helixer_chr7_002476.1_CNL,141,501,gob_00000000005_solanum_anguivi_helixer_chr7_002476_1_cnl
GOB_00000000006_Solanum_candidum_Helixer_chr4_002052.1_CNL,143,510,gob_00000000006_solanum_candidum_helixer_chr4_002052_1_cnl
GOB_00000000006_Solanum_candidum_Helixer_chr5_002093.1_CNL,142,494,gob_00000000006_solanum_candidum_helixer_chr5_002093_1_cnl
GOB_00000000006_Solanum_candidum_Helixer_chr12_001876.1_CNL,136,488,gob_00000000006_solanum_candidum_helixer_chr12_001876_1_cnl
GOB_00000000007_Solanum_citrullifolium_Helixer_chr4_000370.1_CNL,144,493,gob_00000000007_solanum_citrullifolium_helixer_chr4_000370_1_cnl
GOB_00000000007_Solanum_citrullifolium_Helixer_chr4_000371.1_CNL,143,493,gob_00000000007_solanum_citrullifolium_helixer_chr4_000371_1_cnl
GOB_00000000007_Solanum_citrullifolium_Helixer_chr4_001718.1_CNL,140,495,gob_00000000007_solanum_citrullifolium_helixer_chr4_001718_1_cnl
GOB_00000000008_Solanum_cleistogamum_Helixer_chr4_000389.1_CNL,148,496,gob_00000000008_solanum_cleistogamum_helixer_chr4_000389_1_cnl
GOB_00000000008_Solanum_cleistogamum_Helixer_chr4_000391.1_CNL,138,494,gob_00000000008_solanum_cleistogamum_helixer_chr4_000391_1_cnl
GOB_00000000009_Solanum_etuberosum_Helixer_chr3_000041.1_CNL,176,523,gob_00000000009_solanum_etuberosum_helixer_chr3_000041_1_cnl
GOB_00000000010_Solanum_giganteum_Helixer_chr4_001917.1_CNL,138,494,gob_00000000010_solanum_giganteum_helixer_chr4_001917_1_cnl
GOB_00000000010_Solanum_giganteum_Helixer_chr4_001916.1_CNL,138,494,gob_00000000010_solanum_giganteum_helixer_chr4_001916_1_cnl
GOB_00000000010_Solanum_giganteum_Helixer_chr5_003788.1_CNL,142,475,gob_00000000010_solanum_giganteum_helixer_chr5_003788_1_cnl
GOB_00000000010_Solanum_giganteum_Helixer_chr5_003787.1_CNL,142,494,gob_00000000010_solanum_giganteum_helixer_chr5_003787_1_cnl
GOB_00000000010_Solanum_giganteum_Helixer_chr11_000693.1_CNL,144,462,gob_00000000010_solanum_giganteum_helixer_chr11_000693_1_cnl
GOB_00000000011_Solanum_havanense_Helixer_chr4_000390.1_CNL,136,489,gob_00000000011_solanum_havanense_helixer_chr4_000390_1_cnl
GOB_00000000011_Solanum_havanense_Helixer_chr4_000391.1_CNL,149,503,gob_00000000011_solanum_havanense_helixer_chr4_000391_1_cnl
GOB_00000000011_Solanum_havanense_Helixer_chr4_001694.1_CNL,168,527,gob_00000000011_solanum_havanense_helixer_chr4_001694_1_cnl
GOB_00000000011_Solanum_havanense_Helixer_chr5_001893.1_CNL,138,494,gob_00000000011_solanum_havanense_helixer_chr5_001893_1_cnl
GOB_00000000011_Solanum_havanense_Helixer_chr10_001491.1_CNL,137,494,gob_00000000011_solanum_havanense_helixer_chr10_001491_1_cnl
GOB_00000000011_Solanum_havanense_Helixer_chr12_001779.1_CNL,140,495,gob_00000000011_solanum_havanense_helixer_chr12_001779_1_cnl
GOB_00000000012_Solanum_insanum_Helixer_chr7_002659.1_CNL,142,438,gob_00000000012_solanum_insanum_helixer_chr7_002659_1_cnl
GOB_00000000013_Solanum_linnaeanum_Helixer_chr4_002223.1_CNL,141,506,gob_00000000013_solanum_linnaeanum_helixer_chr4_002223_1_cnl
GOB_00000000015_Solanum_macrocarpon_Helixer_chr1_000853.1_CNL,151,511,gob_00000000015_solanum_macrocarpon_helixer_chr1_000853_1_cnl
GOB_00000000015_Solanum_macrocarpon_Helixer_chr4_000530.1_CNL,138,488,gob_00000000015_solanum_macrocarpon_helixer_chr4_000530_1_cnl
GOB_00000000016_Solanum_mammosum_Helixer_chr4_000832.1_CNL,139,495,gob_00000000016_solanum_mammosum_helixer_chr4_000832_1_cnl
GOB_00000000016_Solanum_mammosum_Helixer_chr4_003125.1_CNL,145,490,gob_00000000016_solanum_mammosum_helixer_chr4_003125_1_cnl
GOB_00000000016_Solanum_mammosum_Helixer_chr4_003124.1_CNL,145,496,gob_00000000016_solanum_mammosum_helixer_chr4_003124_1_cnl
GOB_00000000016_Solanum_mammosum_Helixer_chr5_002891.1_CNL,141,494,gob_00000000016_solanum_mammosum_helixer_chr5_002891_1_cnl
GOB_00000000016_Solanum_mammosum_Helixer_chr6_006068.1_CNL,138,495,gob_00000000016_solanum_mammosum_helixer_chr6_006068_1_cnl
GOB_00000000017_Solanum_muricatum_Helixer_chr1_001125.1_CNL,137,496,gob_00000000017_solanum_muricatum_helixer_chr1_001125_1_cnl
GOB_00000000017_Solanum_muricatum_Helixer_chr4_002240.1_CNL,143,506,gob_00000000017_solanum_muricatum_helixer_chr4_002240_1_cnl
GOB_00000000018_Solanum_muricatum_Helixer_chr3_000034.1_CNL,136,490,gob_00000000018_solanum_muricatum_helixer_chr3_000034_1_cnl
GOB_00000000018_Solanum_muricatum_Helixer_chr4_002409.1_CNL,140,494,gob_00000000018_solanum_muricatum_helixer_chr4_002409_1_cnl
GOB_00000000018_Solanum_muricatum_Helixer_chr4_000057.1_CNL,144,488,gob_00000000018_solanum_muricatum_helixer_chr4_000057_1_cnl
GOB_00000000018_Solanum_muricatum_Helixer_chr4_000058.1_CNL,142,493,gob_00000000018_solanum_muricatum_helixer_chr4_000058_1_cnl
GOB_00000000018_Solanum_muricatum_Helixer_chr4_002408.1_CNL,138,494,gob_00000000018_solanum_muricatum_helixer_chr4_002408_1_cnl
GOB_00000000018_Solanum_muricatum_Helixer_chr4_000059.1_CNL,143,496,gob_00000000018_solanum_muricatum_helixer_chr4_000059_1_cnl
GOB_00000000019_Solanum_aethiopicum_Helixer_chr4_002316.1_CNL,119,452,gob_00000000019_solanum_aethiopicum_helixer_chr4_002316_1_cnl
GOB_00000000019_Solanum_aethiopicum_Helixer_chr4_002314.1_CNL,169,534,gob_00000000019_solanum_aethiopicum_helixer_chr4_002314_1_cnl
GOB_00000000020_Solanum_aethiopicum_Helixer_chr4_000592.1_CNL,139,497,gob_00000000020_solanum_aethiopicum_helixer_chr4_000592_1_cnl
GOB_00000000022_Solanum_aethiopicum_Helixer_chr5_001128.1_CNL,168,520,gob_00000000022_solanum_aethiopicum_helixer_chr5_001128_1_cnl
GOB_00000000022_Solanum_aethiopicum_Helixer_chr5_001129.1_CNL,142,494,gob_00000000022_solanum_aethiopicum_helixer_chr5_001129_1_cnl
GOB_00000000022_Solanum_aethiopicum_Helixer_chr11_001439.1_CNL,137,423,gob_00000000022_solanum_aethiopicum_helixer_chr11_001439_1_cnl
GOB_00000000028_Solanum_prinophyllum_Helixer_chr4_002010.1_CNL,144,509,gob_00000000028_solanum_prinophyllum_helixer_chr4_002010_1_cnl
GOB_00000000028_Solanum_prinophyllum_Helixer_chr4_002003.1_CNL,147,499,gob_00000000028_solanum_prinophyllum_helixer_chr4_002003_1_cnl
GOB_00000000028_Solanum_prinophyllum_Helixer_chr4_000416.1_CNL,145,494,gob_00000000028_solanum_prinophyllum_helixer_chr4_000416_1_cnl
GOB_00000000029_Solanum_pseudolulo_Helixer_chr4_000488.1_CNL,138,495,gob_00000000029_solanum_pseudolulo_helixer_chr4_000488_1_cnl
GOB_00000000030_Solanum_quitoense_Helixer_chr4_000334.1_CNL,143,509,gob_00000000030_solanum_quitoense_helixer_chr4_000334_1_cnl
GOB_00000000030_Solanum_quitoense_Helixer_chr4_001879.1_CNL,138,495,gob_00000000030_solanum_quitoense_helixer_chr4_001879_1_cnl
GOB_00000000031_Solanum_robustum_Helixer_chr4_002239.1_CNL,138,495,gob_00000000031_solanum_robustum_helixer_chr4_002239_1_cnl
GOB_00000000031_Solanum_robustum_Helixer_chr4_002178.1_CNL,173,526,gob_00000000031_solanum_robustum_helixer_chr4_002178_1_cnl
GOB_00000000031_Solanum_robustum_Helixer_chr4_000547.1_CNL,134,484,gob_00000000031_solanum_robustum_helixer_chr4_000547_1_cnl
GOB_00000000031_Solanum_robustum_Helixer_chr4_000552.1_CNL,146,496,gob_00000000031_solanum_robustum_helixer_chr4_000552_1_cnl
GOB_00000000031_Solanum_robustum_Helixer_chr7_000593.1_CNL,138,494,gob_00000000031_solanum_robustum_helixer_chr7_000593_1_cnl
GOB_00000000031_Solanum_robustum_Helixer_chr12_002106.1_CNL,138,492,gob_00000000031_solanum_robustum_helixer_chr12_002106_1_cnl
GOB_00000000031_Solanum_robustum_Helixer_chr12_002104.1_CNL,134,493,gob_00000000031_solanum_robustum_helixer_chr12_002104_1_cnl
GOB_00000000033_Solanum_torvum_Helixer_chr4_002667.1_CNL,143,496,gob_00000000033_solanum_torvum_helixer_chr4_002667_1_cnl
GOB_00000000033_Solanum_torvum_Helixer_chr4_002510.1_CNL,142,506,gob_00000000033_solanum_torvum_helixer_chr4_002510_1_cnl
GOB_00000000033_Solanum_torvum_Helixer_chr4_002405.1_CNL,145,496,gob_00000000033_solanum_torvum_helixer_chr4_002405_1_cnl
GOB_00000000033_Solanum_torvum_Helixer_chr4_000622.1_CNL,139,493,gob_00000000033_solanum_torvum_helixer_chr4_000622_1_cnl
GOB_00000000033_Solanum_torvum_Helixer_chr4_000624.1_CNL,142,493,gob_00000000033_solanum_torvum_helixer_chr4_000624_1_cnl
GOB_00000000033_Solanum_torvum_Helixer_chr4_000628.1_CNL,145,496,gob_00000000033_solanum_torvum_helixer_chr4_000628_1_cnl
GOB_00000000033_Solanum_torvum_Helixer_chr4_000629.1_CNL,143,496,gob_00000000033_solanum_torvum_helixer_chr4_000629_1_cnl
GOB_00000000033_Solanum_torvum_Helixer_chr4_002402.1_CNL,136,495,gob_00000000033_solanum_torvum_helixer_chr4_002402_1_cnl
GOB_00000000033_Solanum_torvum_Helixer_chr4_002400.1_CNL,119,475,gob_00000000033_solanum_torvum_helixer_chr4_002400_1_cnl
GOB_00000000033_Solanum_torvum_Helixer_chr4_002399.1_CNL,143,487,gob_00000000033_solanum_torvum_helixer_chr4_002399_1_cnl
GOB_00000000033_Solanum_torvum_Helixer_chr4_000631.1_CNL,144,493,gob_00000000033_solanum_torvum_helixer_chr4_000631_1_cnl
GOB_00000000033_Solanum_torvum_Helixer_chr5_001009.1_CNL,130,486,gob_00000000033_solanum_torvum_helixer_chr5_001009_1_cnl
GOB_00000000034_Solanum_violaceum_Helixer_chr4_000463.1_CNL,137,494,gob_00000000034_solanum_violaceum_helixer_chr4_000463_1_cnl
GOB_00000000034_Solanum_violaceum_Helixer_chr10_000581.1_CNL,188,545,gob_00000000034_solanum_violaceum_helixer_chr10_000581_1_cnl
GOA_00000000039_Solanum_tuberosum_Helixer_chr04_hap15_v2_000084.1_CNL,134,483,goa_00000000039_solanum_tuberosum_helixer_chr04_hap15_v2_000084_1_cnl
GOA_00000000039_Solanum_tuberosum_Helixer_chr04_hap15_v2_000086.1_CNL,142,493,goa_00000000039_solanum_tuberosum_helixer_chr04_hap15_v2_000086_1_cnl
